id,age,gender,income,spending_score,membership_years,purchase_frequency,preferred_category,last_purchase_amount,age_group,customer_category,income_group
1,38,Female,99342,90,3,24,Groceries,113.53,Over-thirties,"Great customer","Upper-Mid Income"
2,21,Female,78852,60,2,42,Sports,41.93,"Young adult","Good customer","Middle Income"
3,60,Female,126573,30,2,28,Clothing,424.36,Seniors,"Medium customer",Affluent
4,40,Other,47099,74,9,5,"Home & Garden",991.93,Over-forties,"Good customer","Lower-Mid Income"
5,65,Female,140621,21,3,25,Electronics,347.08,Seniors,"Bad customer",Affluent
6,31,Other,57305,24,3,30,"Home & Garden",86.85,Over-thirties,"Bad customer","Lower-Mid Income"
7,19,Other,54319,68,5,43,Clothing,191.72,"Young adult","Good customer","Lower-Mid Income"
8,43,Male,108115,94,9,27,Groceries,734.56,Over-forties,"Great customer","Upper-Mid Income"
9,53,Male,34424,29,6,7,Sports,951.71,Over-fifties,"Medium customer","Lower-Mid Income"
10,55,Female,45839,55,7,2,Electronics,821.18,Over-fifties,"Good customer","Lower-Mid Income"
11,23,Other,69659,16,7,24,Clothing,434.97,"Young adult","Bad customer","Middle Income"
12,68,Other,30058,91,1,49,Groceries,889.94,Seniors,"Great customer","Lower-Mid Income"
13,29,Female,87461,81,3,27,"Home & Garden",101.07,"Young adult","Great customer","Middle Income"
14,64,Other,33018,46,4,3,Sports,221.35,Seniors,"Medium customer","Lower-Mid Income"
15,33,Male,112260,17,5,8,"Home & Garden",915.89,Over-thirties,"Bad customer","Upper-Mid Income"
16,53,Male,129284,17,6,26,Clothing,225.4,Over-fifties,"Bad customer",Affluent
17,57,Male,102535,29,5,13,Clothing,378.47,Over-fifties,"Medium customer","Upper-Mid Income"
18,22,Male,41849,22,1,31,Sports,844.08,"Young adult","Bad customer","Lower-Mid Income"
19,37,Male,95491,90,6,21,"Home & Garden",454.83,Over-thirties,"Great customer","Upper-Mid Income"
20,31,Male,97103,70,3,17,Groceries,61.3,Over-thirties,"Good customer","Upper-Mid Income"
21,19,Female,82519,13,4,4,"Home & Garden",742.39,"Young adult","Bad customer","Middle Income"
22,22,Male,49077,74,10,47,"Home & Garden",799.31,"Young adult","Good customer","Lower-Mid Income"
23,36,Other,85473,68,1,16,Sports,806.55,Over-thirties,"Good customer","Middle Income"
24,41,Other,81758,87,7,9,Clothing,482.2,Over-forties,"Great customer","Middle Income"
25,69,Female,36140,78,5,39,Sports,508.86,Seniors,"Great customer","Lower-Mid Income"
26,33,Other,141757,60,10,39,Groceries,83.27,Over-thirties,"Good customer",Affluent
27,54,Male,35394,10,9,4,Groceries,124.29,Over-fifties,"Bad customer","Lower-Mid Income"
28,30,Female,50680,19,7,27,Sports,515.88,Over-thirties,"Bad customer","Lower-Mid Income"
29,18,Female,70721,78,7,1,"Home & Garden",191.9,"Young adult","Great customer","Middle Income"
30,23,Male,104106,30,4,20,Electronics,950.56,"Young adult","Medium customer","Upper-Mid Income"
31,36,Other,76756,16,8,27,Clothing,970.06,Over-thirties,"Bad customer","Middle Income"
32,60,Female,45733,69,2,18,Electronics,197.29,Seniors,"Good customer","Lower-Mid Income"
33,29,Male,71951,2,6,47,Electronics,91.94,"Young adult","Bad customer","Middle Income"
34,44,Other,86593,89,4,37,Groceries,76.95,Over-forties,"Great customer","Middle Income"
35,45,Other,43138,54,10,48,Sports,639.22,Over-forties,"Good customer","Lower-Mid Income"
36,30,Female,73464,37,1,6,Clothing,532.51,Over-thirties,"Medium customer","Middle Income"
37,47,Male,108074,78,4,38,Electronics,128.2,Over-forties,"Great customer","Upper-Mid Income"
38,48,Other,81794,89,7,50,Electronics,967.99,Over-forties,"Great customer","Middle Income"
39,31,Female,75392,43,4,29,Sports,88.44,Over-thirties,"Medium customer","Middle Income"
40,22,Male,107057,14,5,41,"Home & Garden",98.86,"Young adult","Bad customer","Upper-Mid Income"
41,23,Male,70723,31,1,48,"Home & Garden",713.33,"Young adult","Medium customer","Middle Income"
42,52,Male,115529,70,2,34,Clothing,192.66,Over-fifties,"Good customer","Upper-Mid Income"
43,35,Male,72179,6,6,45,"Home & Garden",165.18,Over-thirties,"Bad customer","Middle Income"
44,28,Other,62405,79,5,50,"Home & Garden",956.73,"Young adult","Great customer","Middle Income"
45,50,Male,42404,45,4,31,"Home & Garden",753.6,Over-fifties,"Medium customer","Lower-Mid Income"
46,49,Other,94531,28,5,42,Clothing,214.93,Over-forties,"Medium customer","Upper-Mid Income"
47,56,Male,129005,40,6,8,Electronics,355.34,Over-fifties,"Medium customer",Affluent
48,48,Male,76317,94,9,3,Electronics,189.28,Over-forties,"Great customer","Middle Income"
49,19,Other,85309,65,5,10,Sports,28.55,"Young adult","Good customer","Middle Income"
50,68,Female,146519,96,2,18,Groceries,673.79,Seniors,"Great customer",Affluent
51,61,Female,61290,83,9,35,Clothing,110.32,Seniors,"Great customer","Middle Income"
52,24,Female,96082,83,4,36,Sports,589.35,"Young adult","Great customer","Upper-Mid Income"
53,45,Other,134241,73,9,16,Groceries,893.44,Over-forties,"Good customer",Affluent
54,33,Female,45136,84,9,38,"Home & Garden",332.34,Over-thirties,"Great customer","Lower-Mid Income"
55,56,Female,85476,55,2,41,Sports,774.5,Over-fifties,"Good customer","Middle Income"
56,42,Other,73466,50,4,13,Sports,903.07,Over-forties,"Medium customer","Middle Income"
57,63,Other,49607,7,9,20,Electronics,195.34,Seniors,"Bad customer","Lower-Mid Income"
58,49,Female,112198,48,5,24,Sports,843.87,Over-forties,"Medium customer","Upper-Mid Income"
59,43,Female,81595,12,7,1,Electronics,806.26,Over-forties,"Bad customer","Middle Income"
60,21,Female,139387,1,5,7,Clothing,399.58,"Young adult","Bad customer",Affluent
61,23,Male,69133,14,6,7,Groceries,224.86,"Young adult","Bad customer","Middle Income"
62,30,Other,89149,87,10,36,Clothing,174.41,Over-thirties,"Great customer","Middle Income"
63,49,Female,79992,49,8,6,Sports,636.65,Over-forties,"Medium customer","Middle Income"
64,50,Female,85111,31,1,19,Electronics,319.05,Over-fifties,"Medium customer","Middle Income"
65,27,Other,90557,36,2,2,Sports,494.55,"Young adult","Medium customer","Upper-Mid Income"
66,32,Male,100270,69,3,29,"Home & Garden",686.05,Over-thirties,"Good customer","Upper-Mid Income"
67,36,Female,127346,75,5,7,Electronics,335.98,Over-thirties,"Good customer",Affluent
68,43,Female,87807,52,9,41,Clothing,95.08,Over-forties,"Good customer","Middle Income"
69,32,Male,135861,88,5,16,Electronics,103.33,Over-thirties,"Great customer",Affluent
70,49,Other,40936,32,9,49,Sports,495.62,Over-forties,"Medium customer","Lower-Mid Income"
71,23,Female,66376,60,1,18,Electronics,77.73,"Young adult","Good customer","Middle Income"
72,58,Other,56120,30,3,50,Groceries,880.23,Over-fifties,"Medium customer","Lower-Mid Income"
73,31,Female,112452,21,1,5,Groceries,552.21,Over-thirties,"Bad customer","Upper-Mid Income"
74,38,Female,102944,63,8,9,"Home & Garden",92.69,Over-thirties,"Good customer","Upper-Mid Income"
75,58,Other,143037,56,8,42,Groceries,57.57,Over-fifties,"Good customer",Affluent
76,60,Female,131101,68,8,28,"Home & Garden",522.95,Seniors,"Good customer",Affluent
77,49,Male,30708,4,1,36,Groceries,990,Over-forties,"Bad customer","Lower-Mid Income"
78,32,Other,44048,20,7,10,Clothing,41.55,Over-thirties,"Bad customer","Lower-Mid Income"
79,30,Other,95501,27,3,14,Groceries,476.25,Over-thirties,"Medium customer","Upper-Mid Income"
80,68,Other,45092,54,4,40,Electronics,738.6,Seniors,"Good customer","Lower-Mid Income"
81,65,Other,117157,90,9,39,Electronics,812.36,Seniors,"Great customer","Upper-Mid Income"
82,36,Female,148542,60,1,17,Groceries,15.66,Over-thirties,"Good customer",Affluent
83,36,Female,99427,94,8,15,Sports,265.04,Over-thirties,"Great customer","Upper-Mid Income"
84,56,Male,58971,77,9,35,Electronics,13.16,Over-fifties,"Great customer","Lower-Mid Income"
85,19,Male,101100,43,3,14,Clothing,392.36,"Young adult","Medium customer","Upper-Mid Income"
86,31,Other,61849,24,6,31,"Home & Garden",120.8,Over-thirties,"Bad customer","Middle Income"
87,59,Male,47990,3,10,48,"Home & Garden",755.92,Over-fifties,"Bad customer","Lower-Mid Income"
88,31,Male,55100,20,7,31,Sports,59.84,Over-thirties,"Bad customer","Lower-Mid Income"
89,18,Other,105470,8,7,4,Clothing,746.18,"Young adult","Bad customer","Upper-Mid Income"
90,45,Other,63381,80,4,8,"Home & Garden",754.24,Over-forties,"Great customer","Middle Income"
91,32,Other,92089,16,1,47,"Home & Garden",209.86,Over-thirties,"Bad customer","Upper-Mid Income"
92,39,Other,104031,67,6,28,"Home & Garden",930.36,Over-thirties,"Good customer","Upper-Mid Income"
93,65,Male,62792,83,8,11,Electronics,230.58,Seniors,"Great customer","Middle Income"
94,46,Other,113116,7,10,13,Clothing,190.55,Over-forties,"Bad customer","Upper-Mid Income"
95,30,Other,75926,97,10,19,Sports,670.87,Over-thirties,"Great customer","Middle Income"
96,23,Male,108480,46,10,21,Clothing,377.31,"Young adult","Medium customer","Upper-Mid Income"
97,63,Other,102834,31,7,20,Electronics,582.57,Seniors,"Medium customer","Upper-Mid Income"
98,49,Male,46695,99,9,26,Clothing,674.7,Over-forties,"Great customer","Lower-Mid Income"
99,21,Other,105024,45,3,32,Sports,795.84,"Young adult","Medium customer","Upper-Mid Income"
100,26,Female,59496,58,2,50,Clothing,23.33,"Young adult","Good customer","Lower-Mid Income"
101,40,Female,115569,1,2,5,Groceries,241.91,Over-forties,"Bad customer","Upper-Mid Income"
102,18,Male,49346,70,7,38,Groceries,127.14,"Young adult","Good customer","Lower-Mid Income"
103,19,Male,75430,50,7,32,Clothing,532.51,"Young adult","Medium customer","Middle Income"
104,60,Female,142407,4,2,1,Sports,29.58,Seniors,"Bad customer",Affluent
105,20,Other,34982,7,2,45,Clothing,597.15,"Young adult","Bad customer","Lower-Mid Income"
106,55,Female,147187,37,7,27,Electronics,941.67,Over-fifties,"Medium customer",Affluent
107,19,Other,37993,59,6,30,Sports,873.8,"Young adult","Good customer","Lower-Mid Income"
108,65,Male,81753,72,9,21,"Home & Garden",633.63,Seniors,"Good customer","Middle Income"
109,57,Female,81695,90,8,44,Electronics,179.8,Over-fifties,"Great customer","Middle Income"
110,56,Female,40676,86,7,38,"Home & Garden",627.65,Over-fifties,"Great customer","Lower-Mid Income"
111,37,Male,111242,33,5,34,Sports,756.32,Over-thirties,"Medium customer","Upper-Mid Income"
112,64,Male,87006,85,7,20,Clothing,930.73,Seniors,"Great customer","Middle Income"
113,58,Male,82856,33,7,20,Groceries,450.72,Over-fifties,"Medium customer","Middle Income"
114,32,Male,35514,4,5,36,Sports,415.44,Over-thirties,"Bad customer","Lower-Mid Income"
115,64,Male,87595,11,5,21,Electronics,69.78,Seniors,"Bad customer","Middle Income"
116,59,Male,125014,89,7,42,"Home & Garden",451.82,Over-fifties,"Great customer",Affluent
117,62,Male,128322,44,4,31,Electronics,668.91,Seniors,"Medium customer",Affluent
118,62,Male,48693,36,9,44,"Home & Garden",755.67,Seniors,"Medium customer","Lower-Mid Income"
119,33,Male,113154,75,8,46,Groceries,895.58,Over-thirties,"Good customer","Upper-Mid Income"
120,68,Female,78309,12,2,49,Clothing,848.14,Seniors,"Bad customer","Middle Income"
121,47,Female,112072,50,5,21,Groceries,884.19,Over-forties,"Medium customer","Upper-Mid Income"
122,43,Male,42855,66,6,23,Electronics,138.51,Over-forties,"Good customer","Lower-Mid Income"
123,26,Other,55515,29,9,37,Sports,50.57,"Young adult","Medium customer","Lower-Mid Income"
124,30,Male,51454,94,8,17,"Home & Garden",553.35,Over-thirties,"Great customer","Lower-Mid Income"
125,66,Other,69362,58,1,23,Clothing,960.08,Seniors,"Good customer","Middle Income"
126,26,Female,69795,60,9,29,Electronics,389.37,"Young adult","Good customer","Middle Income"
127,58,Male,32860,90,5,18,Sports,405.05,Over-fifties,"Great customer","Lower-Mid Income"
128,40,Other,81037,70,10,45,Electronics,370.75,Over-forties,"Good customer","Middle Income"
129,67,Other,40385,64,1,17,Sports,957.06,Seniors,"Good customer","Lower-Mid Income"
130,61,Female,131607,25,7,26,Clothing,714.15,Seniors,"Bad customer",Affluent
131,51,Male,42337,70,9,28,Sports,914.97,Over-fifties,"Good customer","Lower-Mid Income"
132,67,Female,116124,78,10,28,"Home & Garden",11.29,Seniors,"Great customer","Upper-Mid Income"
133,25,Other,94016,85,8,49,Groceries,764.28,"Young adult","Great customer","Upper-Mid Income"
134,26,Male,62131,91,6,18,Sports,70.56,"Young adult","Great customer","Middle Income"
135,29,Female,100290,85,8,29,Clothing,480.87,"Young adult","Great customer","Upper-Mid Income"
136,31,Male,145261,25,10,37,Sports,378.4,Over-thirties,"Bad customer",Affluent
137,48,Male,81763,49,6,46,Sports,179.25,Over-forties,"Medium customer","Middle Income"
138,67,Female,120561,66,2,21,Clothing,798.2,Seniors,"Good customer",Affluent
139,18,Female,99638,33,8,23,Groceries,316.27,"Young adult","Medium customer","Upper-Mid Income"
140,18,Female,78097,84,3,26,Clothing,453.34,"Young adult","Great customer","Middle Income"
141,23,Other,67237,85,9,40,Electronics,673.02,"Young adult","Great customer","Middle Income"
142,37,Male,61695,13,5,45,"Home & Garden",18.49,Over-thirties,"Bad customer","Middle Income"
143,55,Other,101084,73,9,24,Groceries,624.81,Over-fifties,"Good customer","Upper-Mid Income"
144,41,Female,82613,49,3,10,"Home & Garden",421.24,Over-forties,"Medium customer","Middle Income"
145,44,Other,122987,29,10,25,Electronics,898.68,Over-forties,"Medium customer",Affluent
146,58,Other,90389,17,5,12,Electronics,855.21,Over-fifties,"Bad customer","Upper-Mid Income"
147,69,Male,90929,2,10,29,Electronics,518.7,Seniors,"Bad customer","Upper-Mid Income"
148,47,Female,104517,91,2,6,"Home & Garden",979.41,Over-forties,"Great customer","Upper-Mid Income"
149,34,Other,79949,89,3,19,Groceries,273.34,Over-thirties,"Great customer","Middle Income"
150,54,Male,100745,29,6,42,Clothing,335.15,Over-fifties,"Medium customer","Upper-Mid Income"
151,55,Other,138064,86,5,22,Electronics,368.75,Over-fifties,"Great customer",Affluent
152,45,Female,79721,20,1,1,"Home & Garden",215.41,Over-forties,"Bad customer","Middle Income"
153,43,Male,33030,61,8,40,Groceries,711.04,Over-forties,"Good customer","Lower-Mid Income"
154,30,Other,78653,43,4,2,Electronics,933.73,Over-thirties,"Medium customer","Middle Income"
155,53,Other,146312,58,2,32,Electronics,880.78,Over-fifties,"Good customer",Affluent
156,24,Female,103766,77,4,25,"Home & Garden",663.21,"Young adult","Great customer","Upper-Mid Income"
157,69,Female,51990,59,2,37,Clothing,762.41,Seniors,"Good customer","Lower-Mid Income"
158,61,Other,46738,36,3,26,Groceries,393.6,Seniors,"Medium customer","Lower-Mid Income"
159,58,Other,107818,70,5,24,"Home & Garden",722.18,Over-fifties,"Good customer","Upper-Mid Income"
160,36,Other,83511,28,5,49,"Home & Garden",367.97,Over-thirties,"Medium customer","Middle Income"
161,69,Female,117782,18,1,15,Sports,762.55,Seniors,"Bad customer","Upper-Mid Income"
162,64,Other,122472,75,1,17,Sports,771.33,Seniors,"Good customer",Affluent
163,45,Male,76259,72,5,41,Sports,228.88,Over-forties,"Good customer","Middle Income"
164,60,Other,98771,37,8,42,Sports,520.37,Seniors,"Medium customer","Upper-Mid Income"
165,64,Other,96494,10,4,47,"Home & Garden",184.45,Seniors,"Bad customer","Upper-Mid Income"
166,41,Female,48155,19,10,36,Groceries,566.65,Over-forties,"Bad customer","Lower-Mid Income"
167,18,Other,46707,61,10,16,Clothing,18.6,"Young adult","Good customer","Lower-Mid Income"
168,36,Other,87275,82,9,2,Clothing,14.52,Over-thirties,"Great customer","Middle Income"
169,51,Female,58930,95,5,33,Sports,115.09,Over-fifties,"Great customer","Lower-Mid Income"
170,37,Male,33987,60,8,39,Groceries,975.1,Over-thirties,"Good customer","Lower-Mid Income"
171,21,Male,140801,13,3,43,"Home & Garden",82.88,"Young adult","Bad customer",Affluent
172,19,Male,98446,25,4,34,Groceries,696.59,"Young adult","Bad customer","Upper-Mid Income"
173,56,Female,111754,96,8,38,"Home & Garden",631.06,Over-fifties,"Great customer","Upper-Mid Income"
174,47,Other,66932,89,5,9,"Home & Garden",861.66,Over-forties,"Great customer","Middle Income"
175,33,Female,81766,86,1,16,Sports,160.11,Over-thirties,"Great customer","Middle Income"
176,34,Male,79572,62,2,24,Sports,843.15,Over-thirties,"Good customer","Middle Income"
177,65,Other,123680,30,2,35,Electronics,218.74,Seniors,"Medium customer",Affluent
178,67,Female,130300,75,5,27,Electronics,94.32,Seniors,"Good customer",Affluent
179,45,Female,102050,57,8,39,Groceries,263.93,Over-forties,"Good customer","Upper-Mid Income"
180,48,Male,121325,30,3,35,"Home & Garden",624.36,Over-forties,"Medium customer",Affluent
181,49,Male,76202,83,3,6,Groceries,208.79,Over-forties,"Great customer","Middle Income"
182,40,Male,136323,36,6,25,Electronics,625.28,Over-forties,"Medium customer",Affluent
183,43,Female,32512,95,4,49,"Home & Garden",223.39,Over-forties,"Great customer","Lower-Mid Income"
184,27,Male,63313,8,10,42,Groceries,35.01,"Young adult","Bad customer","Middle Income"
185,41,Female,104337,91,6,27,"Home & Garden",401.63,Over-forties,"Great customer","Upper-Mid Income"
186,40,Other,124138,84,10,41,Groceries,426.62,Over-forties,"Great customer",Affluent
187,35,Male,137307,32,6,24,Electronics,111.27,Over-thirties,"Medium customer",Affluent
188,55,Male,77060,14,2,16,Sports,286.79,Over-fifties,"Bad customer","Middle Income"
189,45,Male,108335,62,1,35,Electronics,940.93,Over-forties,"Good customer","Upper-Mid Income"
190,41,Other,59408,68,1,16,Electronics,504.16,Over-forties,"Good customer","Lower-Mid Income"
191,35,Male,100208,80,2,27,Electronics,23.73,Over-thirties,"Great customer","Upper-Mid Income"
192,63,Other,109506,48,10,50,Electronics,26.85,Seniors,"Medium customer","Upper-Mid Income"
193,69,Female,39509,10,6,27,Groceries,377.66,Seniors,"Bad customer","Lower-Mid Income"
194,69,Male,74519,95,10,42,Clothing,931.51,Seniors,"Great customer","Middle Income"
195,67,Other,31806,79,8,13,Electronics,261.07,Seniors,"Great customer","Lower-Mid Income"
196,48,Male,108550,5,6,35,"Home & Garden",410.05,Over-forties,"Bad customer","Upper-Mid Income"
197,34,Female,56125,66,10,26,"Home & Garden",610.66,Over-thirties,"Good customer","Lower-Mid Income"
198,39,Male,116566,76,9,21,Groceries,32.38,Over-thirties,"Great customer","Upper-Mid Income"
199,45,Female,82014,30,10,15,Groceries,81.91,Over-forties,"Medium customer","Middle Income"
200,63,Female,113240,47,9,22,Clothing,279.96,Seniors,"Medium customer","Upper-Mid Income"
201,45,Male,111788,28,9,49,Groceries,628.43,Over-forties,"Medium customer","Upper-Mid Income"
202,25,Male,30570,16,8,44,Sports,971.09,"Young adult","Bad customer","Lower-Mid Income"
203,66,Other,106631,41,6,9,"Home & Garden",354.46,Seniors,"Medium customer","Upper-Mid Income"
204,49,Male,100258,53,6,27,"Home & Garden",436.43,Over-forties,"Good customer","Upper-Mid Income"
205,27,Male,132541,78,8,42,Electronics,825.01,"Young adult","Great customer",Affluent
206,34,Male,97962,18,3,19,Electronics,947.73,Over-thirties,"Bad customer","Upper-Mid Income"
207,58,Male,48714,75,10,40,Sports,324.91,Over-fifties,"Good customer","Lower-Mid Income"
208,59,Female,70050,62,3,10,Clothing,49.53,Over-fifties,"Good customer","Middle Income"
209,60,Female,124416,24,5,39,"Home & Garden",544.04,Seniors,"Bad customer",Affluent
210,47,Other,93783,24,10,3,Electronics,406.56,Over-forties,"Bad customer","Upper-Mid Income"
211,40,Female,83445,89,7,11,Clothing,356.35,Over-forties,"Great customer","Middle Income"
212,18,Other,54421,20,1,41,"Home & Garden",215.95,"Young adult","Bad customer","Lower-Mid Income"
213,47,Female,121498,29,9,28,Sports,706.37,Over-forties,"Medium customer",Affluent
214,33,Male,84883,43,2,49,"Home & Garden",956.03,Over-thirties,"Medium customer","Middle Income"
215,69,Other,127086,93,4,45,Electronics,339.9,Seniors,"Great customer",Affluent
216,26,Other,133538,27,5,46,Electronics,761.08,"Young adult","Medium customer",Affluent
217,46,Female,82034,19,2,45,Sports,635.93,Over-forties,"Bad customer","Middle Income"
218,55,Female,147024,24,9,16,Electronics,169.79,Over-fifties,"Bad customer",Affluent
219,57,Male,33009,82,9,24,Clothing,563.64,Over-fifties,"Great customer","Lower-Mid Income"
220,69,Male,142216,90,7,29,Electronics,559.73,Seniors,"Great customer",Affluent
221,62,Male,82623,51,8,37,Clothing,155.14,Seniors,"Good customer","Middle Income"
222,67,Other,64134,3,2,26,Clothing,868.18,Seniors,"Bad customer","Middle Income"
223,53,Female,146546,12,6,45,Sports,915.02,Over-fifties,"Bad customer",Affluent
224,51,Female,33665,12,2,2,Groceries,139.07,Over-fifties,"Bad customer","Lower-Mid Income"
225,54,Female,92156,18,7,14,Electronics,238.87,Over-fifties,"Bad customer","Upper-Mid Income"
226,19,Female,51355,48,8,28,"Home & Garden",278.21,"Young adult","Medium customer","Lower-Mid Income"
227,65,Male,89274,71,10,34,Electronics,840.45,Seniors,"Good customer","Middle Income"
228,53,Male,57651,27,7,16,"Home & Garden",345.62,Over-fifties,"Medium customer","Lower-Mid Income"
229,19,Other,52470,90,5,35,Groceries,515.99,"Young adult","Great customer","Lower-Mid Income"
230,56,Male,31154,40,4,25,Electronics,197.54,Over-fifties,"Medium customer","Lower-Mid Income"
231,24,Female,147572,44,7,45,Electronics,204.27,"Young adult","Medium customer",Affluent
232,66,Male,144573,41,7,24,Groceries,66.6,Seniors,"Medium customer",Affluent
233,41,Female,88312,22,6,31,Groceries,212.53,Over-forties,"Bad customer","Middle Income"
234,29,Female,96066,45,7,24,Sports,479.36,"Young adult","Medium customer","Upper-Mid Income"
235,19,Female,41542,21,1,22,Groceries,132.88,"Young adult","Bad customer","Lower-Mid Income"
236,42,Other,66495,79,9,31,Sports,537.66,Over-forties,"Great customer","Middle Income"
237,62,Other,52480,22,3,14,Electronics,821.42,Seniors,"Bad customer","Lower-Mid Income"
238,64,Other,148368,19,4,23,Groceries,949.32,Seniors,"Bad customer",Affluent
239,64,Female,124599,41,9,41,Groceries,924.18,Seniors,"Medium customer",Affluent
240,44,Female,121975,33,6,27,Groceries,640.96,Over-forties,"Medium customer",Affluent
241,41,Female,41748,50,8,5,Sports,35.16,Over-forties,"Medium customer","Lower-Mid Income"
242,31,Female,125501,74,3,18,Electronics,947.76,Over-thirties,"Good customer",Affluent
243,25,Other,109583,6,4,30,Electronics,923.64,"Young adult","Bad customer","Upper-Mid Income"
244,47,Female,108356,84,6,19,"Home & Garden",911,Over-forties,"Great customer","Upper-Mid Income"
245,28,Other,134414,19,5,15,"Home & Garden",922.01,"Young adult","Bad customer",Affluent
246,44,Male,83880,31,6,32,Electronics,464.42,Over-forties,"Medium customer","Middle Income"
247,54,Other,48896,28,9,25,Sports,244.79,Over-fifties,"Medium customer","Lower-Mid Income"
248,28,Other,48383,57,8,35,Sports,17.97,"Young adult","Good customer","Lower-Mid Income"
249,54,Female,134743,98,9,42,Sports,894.21,Over-fifties,"Great customer",Affluent
250,47,Male,91491,52,5,10,"Home & Garden",21.43,Over-forties,"Good customer","Upper-Mid Income"
251,43,Male,89688,27,10,30,Electronics,223.64,Over-forties,"Medium customer","Middle Income"
252,25,Other,105185,70,2,37,Groceries,556.23,"Young adult","Good customer","Upper-Mid Income"
253,49,Other,129014,25,7,21,Groceries,271.52,Over-forties,"Bad customer",Affluent
254,66,Other,112847,98,9,44,"Home & Garden",827.44,Seniors,"Great customer","Upper-Mid Income"
255,27,Other,139589,69,8,22,Clothing,150.58,"Young adult","Good customer",Affluent
256,46,Other,38785,55,9,22,Clothing,486.25,Over-forties,"Good customer","Lower-Mid Income"
257,26,Male,134203,19,3,28,Sports,935.64,"Young adult","Bad customer",Affluent
258,37,Other,86856,74,3,10,Electronics,624.29,Over-thirties,"Good customer","Middle Income"
259,68,Male,49725,59,2,35,Groceries,12.36,Seniors,"Good customer","Lower-Mid Income"
260,39,Female,56381,82,6,19,Sports,759.6,Over-thirties,"Great customer","Lower-Mid Income"
261,39,Other,117432,96,7,41,Sports,25.44,Over-thirties,"Great customer","Upper-Mid Income"
262,60,Other,45827,18,2,47,Electronics,599.66,Seniors,"Bad customer","Lower-Mid Income"
263,64,Other,115366,68,9,28,Electronics,934.88,Seniors,"Good customer","Upper-Mid Income"
264,57,Female,31451,75,3,8,Electronics,611.79,Over-fifties,"Good customer","Lower-Mid Income"
265,63,Male,142287,77,10,44,Clothing,785.29,Seniors,"Great customer",Affluent
266,53,Other,84616,68,10,8,"Home & Garden",543.31,Over-fifties,"Good customer","Middle Income"
267,57,Female,114972,42,9,12,"Home & Garden",999.74,Over-fifties,"Medium customer","Upper-Mid Income"
268,23,Other,101024,29,3,41,Groceries,484.85,"Young adult","Medium customer","Upper-Mid Income"
269,33,Female,118116,100,9,48,Sports,21.9,Over-thirties,"Great customer","Upper-Mid Income"
270,28,Female,49020,75,9,49,Electronics,109.03,"Young adult","Good customer","Lower-Mid Income"
271,69,Male,47458,14,2,10,Groceries,874.32,Seniors,"Bad customer","Lower-Mid Income"
272,52,Female,104033,6,5,15,Clothing,192.31,Over-fifties,"Bad customer","Upper-Mid Income"
273,47,Other,84117,74,9,17,"Home & Garden",886.08,Over-forties,"Good customer","Middle Income"
274,60,Other,107232,68,4,48,Clothing,730.8,Seniors,"Good customer","Upper-Mid Income"
275,22,Other,128623,88,5,20,Clothing,609.57,"Young adult","Great customer",Affluent
276,39,Female,39931,43,1,28,Groceries,261.36,Over-thirties,"Medium customer","Lower-Mid Income"
277,53,Other,94392,38,5,11,Clothing,997.24,Over-fifties,"Medium customer","Upper-Mid Income"
278,63,Male,48225,24,6,14,Clothing,764.05,Seniors,"Bad customer","Lower-Mid Income"
279,47,Other,95656,63,2,30,Electronics,634.19,Over-forties,"Good customer","Upper-Mid Income"
280,53,Female,61826,96,1,14,Clothing,577,Over-fifties,"Great customer","Middle Income"
281,61,Other,47689,46,4,42,"Home & Garden",802.44,Seniors,"Medium customer","Lower-Mid Income"
282,34,Male,68250,9,10,26,Clothing,835.06,Over-thirties,"Bad customer","Middle Income"
283,33,Male,113187,27,9,46,Electronics,886.3,Over-thirties,"Medium customer","Upper-Mid Income"
284,43,Male,77006,27,3,36,Electronics,223.98,Over-forties,"Medium customer","Middle Income"
285,63,Female,121652,20,1,26,Sports,169.58,Seniors,"Bad customer",Affluent
286,51,Male,124670,66,2,43,Clothing,184.8,Over-fifties,"Good customer",Affluent
287,31,Male,119460,69,2,22,Clothing,486.21,Over-thirties,"Good customer","Upper-Mid Income"
288,56,Male,117922,69,2,41,"Home & Garden",98.83,Over-fifties,"Good customer","Upper-Mid Income"
289,38,Male,84577,70,7,27,Sports,631.28,Over-thirties,"Good customer","Middle Income"
290,43,Male,64136,61,1,19,Electronics,680.92,Over-forties,"Good customer","Middle Income"
291,45,Female,57845,32,6,41,Clothing,934.34,Over-forties,"Medium customer","Lower-Mid Income"
292,62,Other,38250,63,5,22,"Home & Garden",723.93,Seniors,"Good customer","Lower-Mid Income"
293,45,Other,54819,72,3,47,Sports,553.44,Over-forties,"Good customer","Lower-Mid Income"
294,47,Other,89077,43,1,35,Clothing,547.85,Over-forties,"Medium customer","Middle Income"
295,18,Other,135713,79,7,18,Electronics,871.12,"Young adult","Great customer",Affluent
296,56,Other,129611,23,3,48,Sports,98.85,Over-fifties,"Bad customer",Affluent
297,40,Male,97995,47,4,9,Sports,101.35,Over-forties,"Medium customer","Upper-Mid Income"
298,39,Male,132488,40,5,37,Sports,82.16,Over-thirties,"Medium customer",Affluent
299,59,Male,36383,5,6,31,Groceries,82.77,Over-fifties,"Bad customer","Lower-Mid Income"
300,55,Other,144624,38,2,23,Groceries,652.26,Over-fifties,"Medium customer",Affluent
301,52,Female,106147,2,6,19,Groceries,412.65,Over-fifties,"Bad customer","Upper-Mid Income"
302,50,Other,130668,39,5,25,"Home & Garden",69.81,Over-fifties,"Medium customer",Affluent
303,59,Female,57745,33,7,42,Electronics,492.87,Over-fifties,"Medium customer","Lower-Mid Income"
304,50,Female,78296,93,9,47,Electronics,559.16,Over-fifties,"Great customer","Middle Income"
305,32,Male,39407,50,6,13,Sports,844.22,Over-thirties,"Medium customer","Lower-Mid Income"
306,48,Male,39407,82,5,27,Sports,463.07,Over-forties,"Great customer","Lower-Mid Income"
307,26,Other,135530,81,2,12,"Home & Garden",126.35,"Young adult","Great customer",Affluent
308,54,Female,76995,14,3,46,Electronics,685.09,Over-fifties,"Bad customer","Middle Income"
309,64,Female,96182,44,4,8,Groceries,509.31,Seniors,"Medium customer","Upper-Mid Income"
310,50,Male,100320,45,7,29,Sports,139.39,Over-fifties,"Medium customer","Upper-Mid Income"
311,53,Male,138922,45,5,22,Electronics,154.06,Over-fifties,"Medium customer",Affluent
312,30,Male,143200,38,8,30,Sports,684.43,Over-thirties,"Medium customer",Affluent
313,69,Other,35218,47,4,33,Electronics,315.49,Seniors,"Medium customer","Lower-Mid Income"
314,44,Male,141748,55,2,50,Groceries,897.57,Over-forties,"Good customer",Affluent
315,68,Female,62971,27,8,17,Electronics,85.45,Seniors,"Medium customer","Middle Income"
316,20,Female,57260,47,2,49,Electronics,506.7,"Young adult","Medium customer","Lower-Mid Income"
317,18,Other,92363,84,1,10,Electronics,539.74,"Young adult","Great customer","Upper-Mid Income"
318,23,Other,84664,45,5,12,Electronics,592.72,"Young adult","Medium customer","Middle Income"
319,61,Other,47790,67,9,5,"Home & Garden",714.29,Seniors,"Good customer","Lower-Mid Income"
320,34,Male,31668,43,5,40,Clothing,117.01,Over-thirties,"Medium customer","Lower-Mid Income"
321,43,Female,78858,4,3,38,Sports,261.19,Over-forties,"Bad customer","Middle Income"
322,46,Other,126553,16,2,22,"Home & Garden",85.56,Over-forties,"Bad customer",Affluent
323,55,Other,80006,44,2,49,Clothing,727.51,Over-fifties,"Medium customer","Middle Income"
324,30,Male,119162,15,9,38,"Home & Garden",937.85,Over-thirties,"Bad customer","Upper-Mid Income"
325,41,Other,71410,69,1,32,"Home & Garden",456.67,Over-forties,"Good customer","Middle Income"
326,59,Other,49020,100,2,42,Groceries,588.18,Over-fifties,"Great customer","Lower-Mid Income"
327,50,Male,36022,11,6,49,Clothing,801.59,Over-fifties,"Bad customer","Lower-Mid Income"
328,41,Female,64634,55,9,44,Groceries,488.07,Over-forties,"Good customer","Middle Income"
329,68,Other,76921,79,1,23,Groceries,122.02,Seniors,"Great customer","Middle Income"
330,28,Male,51087,60,4,42,Groceries,68.31,"Young adult","Good customer","Lower-Mid Income"
331,30,Male,90651,88,9,37,Groceries,555.41,Over-thirties,"Great customer","Upper-Mid Income"
332,38,Other,50518,70,1,38,Sports,816.09,Over-thirties,"Good customer","Lower-Mid Income"
333,21,Other,126598,14,3,1,Sports,505.98,"Young adult","Bad customer",Affluent
334,58,Other,99475,27,9,9,Groceries,249.39,Over-fifties,"Medium customer","Upper-Mid Income"
335,60,Male,145308,83,3,31,Groceries,53.26,Seniors,"Great customer",Affluent
336,40,Other,107488,96,7,16,Groceries,843.6,Over-forties,"Great customer","Upper-Mid Income"
337,58,Male,60768,88,2,38,Groceries,67.52,Over-fifties,"Great customer","Middle Income"
338,42,Other,115381,70,7,33,"Home & Garden",592.52,Over-forties,"Good customer","Upper-Mid Income"
339,28,Female,111697,92,9,50,Sports,205.58,"Young adult","Great customer","Upper-Mid Income"
340,48,Other,30374,28,7,34,Groceries,463.78,Over-forties,"Medium customer","Lower-Mid Income"
341,31,Other,35406,45,10,9,Electronics,637.02,Over-thirties,"Medium customer","Lower-Mid Income"
342,69,Female,71688,69,4,25,Clothing,532.23,Seniors,"Good customer","Middle Income"
343,32,Male,48445,91,8,27,"Home & Garden",265.17,Over-thirties,"Great customer","Lower-Mid Income"
344,41,Male,136928,42,5,33,"Home & Garden",239.72,Over-forties,"Medium customer",Affluent
345,33,Male,112118,27,10,9,Clothing,535.28,Over-thirties,"Medium customer","Upper-Mid Income"
346,62,Female,114587,14,7,11,Electronics,26.72,Seniors,"Bad customer","Upper-Mid Income"
347,38,Female,42378,36,5,20,Sports,279.77,Over-thirties,"Medium customer","Lower-Mid Income"
348,39,Female,136141,58,6,30,"Home & Garden",211.56,Over-thirties,"Good customer",Affluent
349,44,Male,32030,38,2,19,Sports,912.15,Over-forties,"Medium customer","Lower-Mid Income"
350,56,Female,148694,44,7,13,Electronics,326.5,Over-fifties,"Medium customer",Affluent
351,68,Other,122661,16,4,48,Groceries,85.44,Seniors,"Bad customer",Affluent
352,47,Female,54571,57,4,2,Electronics,138.3,Over-forties,"Good customer","Lower-Mid Income"
353,61,Other,120516,100,10,47,"Home & Garden",475.52,Seniors,"Great customer",Affluent
354,63,Other,37003,57,4,25,Sports,857.68,Seniors,"Good customer","Lower-Mid Income"
355,38,Other,81837,68,5,6,Sports,349.35,Over-thirties,"Good customer","Middle Income"
356,32,Other,94627,88,9,30,Clothing,703.94,Over-thirties,"Great customer","Upper-Mid Income"
357,49,Other,103191,34,5,41,Clothing,253.63,Over-forties,"Medium customer","Upper-Mid Income"
358,57,Male,137205,18,1,21,Electronics,862.12,Over-fifties,"Bad customer",Affluent
359,50,Male,85888,19,2,25,Groceries,910.52,Over-fifties,"Bad customer","Middle Income"
360,38,Male,40590,91,7,27,Electronics,617.64,Over-thirties,"Great customer","Lower-Mid Income"
361,28,Female,130938,98,5,37,Electronics,612.09,"Young adult","Great customer",Affluent
362,21,Male,107934,32,5,38,"Home & Garden",533.18,"Young adult","Medium customer","Upper-Mid Income"
363,26,Other,149741,51,4,37,"Home & Garden",685.36,"Young adult","Good customer",Affluent
364,63,Other,145117,66,7,12,Sports,971.02,Seniors,"Good customer",Affluent
365,21,Other,90000,42,4,23,"Home & Garden",278.15,"Young adult","Medium customer","Upper-Mid Income"
366,19,Other,105019,84,8,32,Clothing,735.3,"Young adult","Great customer","Upper-Mid Income"
367,65,Female,65576,91,5,12,Clothing,782.55,Seniors,"Great customer","Middle Income"
368,53,Female,130474,74,10,39,"Home & Garden",217.92,Over-fifties,"Good customer",Affluent
369,63,Other,77411,20,2,37,Sports,648.38,Seniors,"Bad customer","Middle Income"
370,23,Female,30751,99,9,26,Electronics,696.9,"Young adult","Great customer","Lower-Mid Income"
371,20,Male,87520,93,4,3,Groceries,459.87,"Young adult","Great customer","Middle Income"
372,39,Female,53805,71,5,16,Sports,372.03,Over-thirties,"Good customer","Lower-Mid Income"
373,30,Other,80320,91,1,31,Electronics,930.97,Over-thirties,"Great customer","Middle Income"
374,64,Other,84380,69,10,28,Sports,212.08,Seniors,"Good customer","Middle Income"
375,33,Female,58367,11,4,29,Groceries,826.87,Over-thirties,"Bad customer","Lower-Mid Income"
376,25,Female,56110,36,5,42,Electronics,389.97,"Young adult","Medium customer","Lower-Mid Income"
377,46,Male,123037,100,1,9,"Home & Garden",617.74,Over-forties,"Great customer",Affluent
378,45,Female,110174,87,5,32,"Home & Garden",388.15,Over-forties,"Great customer","Upper-Mid Income"
379,41,Female,30074,95,8,19,Clothing,78.82,Over-forties,"Great customer","Lower-Mid Income"
380,59,Other,140349,75,2,6,Sports,383.64,Over-fifties,"Good customer",Affluent
381,67,Female,104036,56,10,37,Sports,998.98,Seniors,"Good customer","Upper-Mid Income"
382,68,Other,93926,45,5,22,Electronics,19.14,Seniors,"Medium customer","Upper-Mid Income"
383,65,Male,124796,4,5,38,Sports,247.96,Seniors,"Bad customer",Affluent
384,46,Male,120914,1,1,41,"Home & Garden",329.9,Over-forties,"Bad customer",Affluent
385,38,Male,78829,73,7,20,Sports,665.25,Over-thirties,"Good customer","Middle Income"
386,69,Male,105810,57,6,28,Groceries,985.94,Seniors,"Good customer","Upper-Mid Income"
387,51,Female,105658,49,9,9,Electronics,785.55,Over-fifties,"Medium customer","Upper-Mid Income"
388,25,Female,100053,6,5,33,Electronics,832.57,"Young adult","Bad customer","Upper-Mid Income"
389,34,Other,118622,99,4,47,Sports,122.21,Over-thirties,"Great customer","Upper-Mid Income"
390,37,Male,65343,89,3,2,Electronics,668.23,Over-thirties,"Great customer","Middle Income"
391,67,Female,101759,57,3,19,Sports,670.51,Seniors,"Good customer","Upper-Mid Income"
392,28,Male,59278,60,2,8,"Home & Garden",362.41,"Young adult","Good customer","Lower-Mid Income"
393,55,Female,127542,79,8,12,Clothing,632.6,Over-fifties,"Great customer",Affluent
394,69,Female,74331,83,9,11,Clothing,341.63,Seniors,"Great customer","Middle Income"
395,69,Female,119075,40,8,44,"Home & Garden",866.72,Seniors,"Medium customer","Upper-Mid Income"
396,54,Other,87418,21,2,27,Groceries,846.76,Over-fifties,"Bad customer","Middle Income"
397,23,Other,37713,11,8,31,Electronics,481.24,"Young adult","Bad customer","Lower-Mid Income"
398,48,Male,36282,14,10,3,Sports,210.43,Over-forties,"Bad customer","Lower-Mid Income"
399,19,Female,69790,3,9,38,Groceries,596.63,"Young adult","Bad customer","Middle Income"
400,41,Female,147962,90,2,9,Clothing,688.61,Over-forties,"Great customer",Affluent
401,32,Other,86268,96,3,21,Electronics,643.36,Over-thirties,"Great customer","Middle Income"
402,63,Male,149062,66,9,7,Clothing,441.11,Seniors,"Good customer",Affluent
403,40,Other,127948,29,6,26,Groceries,144.78,Over-forties,"Medium customer",Affluent
404,36,Male,30121,39,10,16,Groceries,233.08,Over-thirties,"Medium customer","Lower-Mid Income"
405,21,Male,42889,12,2,20,"Home & Garden",789.92,"Young adult","Bad customer","Lower-Mid Income"
406,29,Other,141369,42,10,16,"Home & Garden",862.54,"Young adult","Medium customer",Affluent
407,24,Other,119844,78,4,6,Groceries,572.31,"Young adult","Great customer","Upper-Mid Income"
408,40,Other,135305,54,8,29,Clothing,831.6,Over-forties,"Good customer",Affluent
409,63,Female,70967,59,6,10,"Home & Garden",954.05,Seniors,"Good customer","Middle Income"
410,20,Female,98213,12,5,37,"Home & Garden",902.24,"Young adult","Bad customer","Upper-Mid Income"
411,43,Female,89856,96,3,2,Clothing,114.47,Over-forties,"Great customer","Middle Income"
412,61,Other,80988,34,8,14,Clothing,937.86,Seniors,"Medium customer","Middle Income"
413,19,Female,105731,9,7,10,"Home & Garden",421.08,"Young adult","Bad customer","Upper-Mid Income"
414,69,Female,117737,6,4,9,Groceries,877.51,Seniors,"Bad customer","Upper-Mid Income"
415,57,Male,52164,53,3,36,Groceries,710.84,Over-fifties,"Good customer","Lower-Mid Income"
416,38,Other,51327,62,5,24,Sports,645.43,Over-thirties,"Good customer","Lower-Mid Income"
417,52,Other,101105,11,9,2,"Home & Garden",714.72,Over-fifties,"Bad customer","Upper-Mid Income"
418,51,Female,97565,48,10,31,Clothing,656.9,Over-fifties,"Medium customer","Upper-Mid Income"
419,64,Other,71594,40,4,42,Clothing,487.73,Seniors,"Medium customer","Middle Income"
420,46,Male,60671,57,5,48,"Home & Garden",817.69,Over-forties,"Good customer","Middle Income"
421,46,Female,90871,56,4,39,Clothing,592.97,Over-forties,"Good customer","Upper-Mid Income"
422,56,Other,36843,46,7,12,"Home & Garden",22.15,Over-fifties,"Medium customer","Lower-Mid Income"
423,62,Female,96260,30,6,45,Electronics,159.13,Seniors,"Medium customer","Upper-Mid Income"
424,56,Male,134502,46,5,5,Groceries,394.49,Over-fifties,"Medium customer",Affluent
425,41,Male,67039,100,1,36,Electronics,178.68,Over-forties,"Great customer","Middle Income"
426,40,Other,142251,90,10,14,Electronics,866.52,Over-forties,"Great customer",Affluent
427,47,Female,49336,11,10,11,Sports,877.17,Over-forties,"Bad customer","Lower-Mid Income"
428,54,Other,90780,24,3,46,Groceries,824.65,Over-fifties,"Bad customer","Upper-Mid Income"
429,20,Male,49308,29,6,19,Electronics,351.64,"Young adult","Medium customer","Lower-Mid Income"
430,64,Other,124369,74,2,3,"Home & Garden",275.4,Seniors,"Good customer",Affluent
431,40,Male,99618,80,4,22,Groceries,15.04,Over-forties,"Great customer","Upper-Mid Income"
432,29,Female,133291,52,4,42,Clothing,916.28,"Young adult","Good customer",Affluent
433,44,Female,100832,90,8,39,Electronics,769,Over-forties,"Great customer","Upper-Mid Income"
434,57,Male,60668,66,6,28,Electronics,984.6,Over-fifties,"Good customer","Middle Income"
435,32,Female,69782,76,1,9,"Home & Garden",803.28,Over-thirties,"Great customer","Middle Income"
436,52,Other,136827,87,5,20,Sports,322.29,Over-fifties,"Great customer",Affluent
437,48,Other,51565,44,5,20,Groceries,552.48,Over-forties,"Medium customer","Lower-Mid Income"
438,47,Female,95033,25,3,35,Electronics,273.38,Over-forties,"Bad customer","Upper-Mid Income"
439,63,Female,118402,74,3,12,Sports,828.04,Seniors,"Good customer","Upper-Mid Income"
440,23,Female,130546,71,9,36,Sports,799.33,"Young adult","Good customer",Affluent
441,46,Male,68970,50,9,46,Clothing,392.35,Over-forties,"Medium customer","Middle Income"
442,26,Female,84460,45,1,33,Clothing,219.67,"Young adult","Medium customer","Middle Income"
443,47,Other,138199,79,10,43,Electronics,171.38,Over-forties,"Great customer",Affluent
444,62,Other,59481,30,4,35,Clothing,121,Seniors,"Medium customer","Lower-Mid Income"
445,62,Female,75974,68,4,46,Groceries,180.09,Seniors,"Good customer","Middle Income"
446,53,Male,56570,29,7,37,Electronics,432.65,Over-fifties,"Medium customer","Lower-Mid Income"
447,27,Other,68689,83,8,33,Groceries,782.58,"Young adult","Great customer","Middle Income"
448,31,Female,46106,72,7,2,Sports,59.82,Over-thirties,"Good customer","Lower-Mid Income"
449,50,Male,46524,1,4,7,"Home & Garden",371.62,Over-fifties,"Bad customer","Lower-Mid Income"
450,48,Male,60382,13,3,27,Electronics,694.59,Over-forties,"Bad customer","Middle Income"
451,24,Other,147555,65,4,28,Groceries,434.84,"Young adult","Good customer",Affluent
452,45,Female,93800,33,10,32,Sports,391.45,Over-forties,"Medium customer","Upper-Mid Income"
453,30,Male,35565,83,8,17,Electronics,238.79,Over-thirties,"Great customer","Lower-Mid Income"
454,27,Male,143992,31,2,32,"Home & Garden",994.1,"Young adult","Medium customer",Affluent
455,28,Other,126571,82,10,8,Electronics,26.12,"Young adult","Great customer",Affluent
456,61,Other,57851,46,3,5,Clothing,604.29,Seniors,"Medium customer","Lower-Mid Income"
457,30,Other,120083,47,1,49,Electronics,443.12,Over-thirties,"Medium customer",Affluent
458,62,Male,32827,69,8,2,Groceries,468.37,Seniors,"Good customer","Lower-Mid Income"
459,30,Other,100399,96,2,5,Clothing,705.64,Over-thirties,"Great customer","Upper-Mid Income"
460,55,Female,105647,94,1,14,Sports,737.91,Over-fifties,"Great customer","Upper-Mid Income"
461,41,Male,141605,100,4,20,"Home & Garden",693.02,Over-forties,"Great customer",Affluent
462,57,Female,46563,86,4,24,Electronics,800.46,Over-fifties,"Great customer","Lower-Mid Income"
463,53,Male,37569,18,8,50,Clothing,634.92,Over-fifties,"Bad customer","Lower-Mid Income"
464,65,Female,138529,87,10,14,Sports,461.61,Seniors,"Great customer",Affluent
465,54,Female,40858,48,6,20,Clothing,34.88,Over-fifties,"Medium customer","Lower-Mid Income"
466,69,Other,143640,14,8,2,Clothing,387.39,Seniors,"Bad customer",Affluent
467,25,Male,99668,1,1,50,Groceries,937.86,"Young adult","Bad customer","Upper-Mid Income"
468,54,Male,32276,73,2,44,Clothing,554.58,Over-fifties,"Good customer","Lower-Mid Income"
469,32,Other,100736,84,10,32,Groceries,863.93,Over-thirties,"Great customer","Upper-Mid Income"
470,53,Other,139508,92,6,39,Clothing,172.99,Over-fifties,"Great customer",Affluent
471,32,Male,38683,59,10,47,Groceries,846.85,Over-thirties,"Good customer","Lower-Mid Income"
472,35,Other,42390,27,3,41,Electronics,781.31,Over-thirties,"Medium customer","Lower-Mid Income"
473,53,Female,104435,42,4,34,"Home & Garden",795.81,Over-fifties,"Medium customer","Upper-Mid Income"
474,54,Female,111261,56,1,44,Groceries,216.09,Over-fifties,"Good customer","Upper-Mid Income"
475,36,Other,112674,12,7,35,Groceries,590.32,Over-thirties,"Bad customer","Upper-Mid Income"
476,38,Male,144083,23,1,28,Groceries,158.15,Over-thirties,"Bad customer",Affluent
477,42,Male,115342,19,4,47,Sports,13.69,Over-forties,"Bad customer","Upper-Mid Income"
478,48,Other,143424,24,3,22,"Home & Garden",594.94,Over-forties,"Bad customer",Affluent
479,58,Female,137836,19,9,21,Electronics,172.39,Over-fifties,"Bad customer",Affluent
480,19,Female,35529,62,4,24,Clothing,177.69,"Young adult","Good customer","Lower-Mid Income"
481,54,Male,105641,17,9,37,Sports,173.81,Over-fifties,"Bad customer","Upper-Mid Income"
482,65,Other,120542,52,3,36,Clothing,70.22,Seniors,"Good customer",Affluent
483,44,Female,43069,55,6,33,Groceries,501.34,Over-forties,"Good customer","Lower-Mid Income"
484,40,Male,61052,44,4,17,Groceries,135.19,Over-forties,"Medium customer","Middle Income"
485,65,Male,39113,85,9,42,"Home & Garden",964.87,Seniors,"Great customer","Lower-Mid Income"
486,66,Other,91672,71,5,9,Clothing,10.4,Seniors,"Good customer","Upper-Mid Income"
487,22,Female,104781,64,8,38,"Home & Garden",151.48,"Young adult","Good customer","Upper-Mid Income"
488,47,Other,124597,67,9,8,Clothing,885.33,Over-forties,"Good customer",Affluent
489,26,Female,96845,19,1,5,"Home & Garden",154.89,"Young adult","Bad customer","Upper-Mid Income"
490,19,Female,113254,38,5,35,Clothing,633.5,"Young adult","Medium customer","Upper-Mid Income"
491,22,Female,46900,70,1,24,Groceries,325.46,"Young adult","Good customer","Lower-Mid Income"
492,39,Male,84725,100,8,49,Sports,906.07,Over-thirties,"Great customer","Middle Income"
493,51,Female,120616,71,1,16,Clothing,542.03,Over-fifties,"Good customer",Affluent
494,35,Male,141134,24,4,48,Sports,649.61,Over-thirties,"Bad customer",Affluent
495,59,Male,140809,45,5,45,Sports,917.5,Over-fifties,"Medium customer",Affluent
496,33,Female,65486,76,2,11,Sports,302.05,Over-thirties,"Great customer","Middle Income"
497,56,Male,145254,48,6,43,Sports,422.32,Over-fifties,"Medium customer",Affluent
498,54,Female,43308,56,5,50,Electronics,667.92,Over-fifties,"Good customer","Lower-Mid Income"
499,25,Male,33065,61,7,40,Groceries,317.98,"Young adult","Good customer","Lower-Mid Income"
500,47,Male,69168,16,7,42,Clothing,638.96,Over-forties,"Bad customer","Middle Income"
501,42,Male,129999,73,5,2,Clothing,942.97,Over-forties,"Good customer",Affluent
502,61,Female,41730,2,9,20,Electronics,177.64,Seniors,"Bad customer","Lower-Mid Income"
503,22,Male,75626,52,7,34,Electronics,154.67,"Young adult","Good customer","Middle Income"
504,18,Other,142641,40,7,31,Electronics,240.64,"Young adult","Medium customer",Affluent
505,22,Male,53863,96,10,41,Electronics,491.64,"Young adult","Great customer","Lower-Mid Income"
506,66,Male,149505,79,4,8,Sports,334.95,Seniors,"Great customer",Affluent
507,58,Male,132215,91,8,6,Sports,275.71,Over-fifties,"Great customer",Affluent
508,48,Other,72108,85,8,13,Sports,486.58,Over-forties,"Great customer","Middle Income"
509,68,Other,113760,64,2,37,Sports,462.62,Seniors,"Good customer","Upper-Mid Income"
510,19,Male,111238,7,2,30,Sports,813.37,"Young adult","Bad customer","Upper-Mid Income"
511,24,Other,109039,71,9,41,Sports,606.18,"Young adult","Good customer","Upper-Mid Income"
512,33,Male,132968,49,10,45,Sports,641.53,Over-thirties,"Medium customer",Affluent
513,19,Male,82506,10,5,41,Sports,406.32,"Young adult","Bad customer","Middle Income"
514,69,Female,58668,40,2,15,"Home & Garden",626.35,Seniors,"Medium customer","Lower-Mid Income"
515,28,Male,66961,8,10,22,Groceries,179.82,"Young adult","Bad customer","Middle Income"
516,32,Other,137280,95,6,3,Electronics,31.72,Over-thirties,"Great customer",Affluent
517,18,Other,112021,9,3,11,Groceries,588.37,"Young adult","Bad customer","Upper-Mid Income"
518,45,Female,110280,85,4,21,Groceries,944.07,Over-forties,"Great customer","Upper-Mid Income"
519,45,Female,67753,64,4,48,Sports,926.69,Over-forties,"Good customer","Middle Income"
520,38,Male,54918,1,6,6,Electronics,979.26,Over-thirties,"Bad customer","Lower-Mid Income"
521,69,Other,78534,100,2,9,"Home & Garden",75.03,Seniors,"Great customer","Middle Income"
522,29,Female,51471,96,3,13,"Home & Garden",668.21,"Young adult","Great customer","Lower-Mid Income"
523,32,Female,58144,4,5,16,Electronics,923.37,Over-thirties,"Bad customer","Lower-Mid Income"
524,47,Other,100338,13,9,40,Electronics,48.65,Over-forties,"Bad customer","Upper-Mid Income"
525,33,Female,90232,19,2,8,Clothing,255.08,Over-thirties,"Bad customer","Upper-Mid Income"
526,52,Male,133701,64,1,34,Clothing,534.25,Over-fifties,"Good customer",Affluent
527,62,Female,117704,37,3,48,Sports,112.11,Seniors,"Medium customer","Upper-Mid Income"
528,23,Female,144577,75,1,9,Clothing,826.02,"Young adult","Good customer",Affluent
529,57,Male,139366,39,5,50,Sports,34.5,Over-fifties,"Medium customer",Affluent
530,27,Male,106944,63,1,28,Sports,36.39,"Young adult","Good customer","Upper-Mid Income"
531,61,Male,92031,44,7,11,Sports,573.31,Seniors,"Medium customer","Upper-Mid Income"
532,19,Male,146165,38,9,45,"Home & Garden",819.92,"Young adult","Medium customer",Affluent
533,36,Other,113794,74,1,27,Sports,377.75,Over-thirties,"Good customer","Upper-Mid Income"
534,28,Male,121073,44,3,16,Sports,482.35,"Young adult","Medium customer",Affluent
535,46,Other,61090,3,4,3,Sports,213.68,Over-forties,"Bad customer","Middle Income"
536,62,Female,74474,49,2,18,Sports,933.65,Seniors,"Medium customer","Middle Income"
537,48,Female,57932,70,9,44,"Home & Garden",192.46,Over-forties,"Good customer","Lower-Mid Income"
538,39,Male,49970,53,5,24,Groceries,728.58,Over-thirties,"Good customer","Lower-Mid Income"
539,27,Male,73823,11,8,23,Electronics,27.4,"Young adult","Bad customer","Middle Income"
540,36,Male,37595,88,8,49,Groceries,600.48,Over-thirties,"Great customer","Lower-Mid Income"
541,33,Female,103063,16,3,4,Electronics,998.51,Over-thirties,"Bad customer","Upper-Mid Income"
542,69,Other,86860,70,1,1,Clothing,812.25,Seniors,"Good customer","Middle Income"
543,68,Female,40478,22,4,46,Groceries,954.91,Seniors,"Bad customer","Lower-Mid Income"
544,66,Female,126893,3,1,32,Clothing,199.17,Seniors,"Bad customer",Affluent
545,23,Female,123168,80,4,19,Clothing,860.95,"Young adult","Great customer",Affluent
546,44,Other,112137,37,7,18,Groceries,769.16,Over-forties,"Medium customer","Upper-Mid Income"
547,60,Other,108533,23,9,24,Electronics,506.98,Seniors,"Bad customer","Upper-Mid Income"
548,22,Female,93861,42,6,6,"Home & Garden",73.13,"Young adult","Medium customer","Upper-Mid Income"
549,39,Male,30004,32,6,48,Sports,863.47,Over-thirties,"Medium customer","Lower-Mid Income"
550,53,Male,47499,85,2,45,Sports,338.69,Over-fifties,"Great customer","Lower-Mid Income"
551,50,Male,43965,83,3,17,Electronics,83.38,Over-fifties,"Great customer","Lower-Mid Income"
552,20,Male,51199,100,5,5,Clothing,889.83,"Young adult","Great customer","Lower-Mid Income"
553,69,Male,51759,18,9,14,Sports,563.48,Seniors,"Bad customer","Lower-Mid Income"
554,61,Female,54256,78,3,3,"Home & Garden",886.44,Seniors,"Great customer","Lower-Mid Income"
555,66,Other,53345,100,4,22,Sports,221.75,Seniors,"Great customer","Lower-Mid Income"
556,25,Female,52403,53,1,14,Groceries,73.34,"Young adult","Good customer","Lower-Mid Income"
557,45,Male,95367,83,5,30,"Home & Garden",845.33,Over-forties,"Great customer","Upper-Mid Income"
558,40,Male,62536,84,4,28,Sports,149.07,Over-forties,"Great customer","Middle Income"
559,33,Male,121639,17,7,28,"Home & Garden",422.14,Over-thirties,"Bad customer",Affluent
560,63,Male,82296,61,4,43,"Home & Garden",390.89,Seniors,"Good customer","Middle Income"
561,61,Other,137276,92,5,8,Groceries,482.77,Seniors,"Great customer",Affluent
562,18,Male,143235,46,10,31,Groceries,143.75,"Young adult","Medium customer",Affluent
563,23,Male,143899,10,3,47,Groceries,361.81,"Young adult","Bad customer",Affluent
564,56,Other,134923,18,3,31,Electronics,515.16,Over-fifties,"Bad customer",Affluent
565,68,Other,106635,85,10,30,Electronics,854.95,Seniors,"Great customer","Upper-Mid Income"
566,29,Male,60262,56,4,27,Clothing,452.32,"Young adult","Good customer","Middle Income"
567,22,Other,92601,75,7,49,Electronics,120.76,"Young adult","Good customer","Upper-Mid Income"
568,45,Female,41917,58,8,5,"Home & Garden",870.38,Over-forties,"Good customer","Lower-Mid Income"
569,29,Female,59815,43,6,24,Groceries,105.48,"Young adult","Medium customer","Lower-Mid Income"
570,18,Other,94701,69,8,48,Clothing,760.34,"Young adult","Good customer","Upper-Mid Income"
571,36,Female,31458,40,4,6,Electronics,371.77,Over-thirties,"Medium customer","Lower-Mid Income"
572,19,Male,134193,95,7,44,Electronics,97.65,"Young adult","Great customer",Affluent
573,40,Female,143338,6,8,26,Groceries,491.07,Over-forties,"Bad customer",Affluent
574,48,Other,93084,30,7,5,Clothing,480.55,Over-forties,"Medium customer","Upper-Mid Income"
575,49,Male,55027,62,2,1,Clothing,962.9,Over-forties,"Good customer","Lower-Mid Income"
576,51,Female,149256,96,1,31,Electronics,266.83,Over-fifties,"Great customer",Affluent
577,32,Female,46610,92,5,9,Groceries,409.85,Over-thirties,"Great customer","Lower-Mid Income"
578,64,Male,43175,59,10,35,Electronics,363.86,Seniors,"Good customer","Lower-Mid Income"
579,21,Female,71227,17,10,12,Electronics,101.48,"Young adult","Bad customer","Middle Income"
580,51,Female,149744,99,1,12,Groceries,215.92,Over-fifties,"Great customer",Affluent
581,46,Male,129568,56,10,27,Clothing,766.26,Over-forties,"Good customer",Affluent
582,19,Male,135968,50,4,49,Electronics,174.43,"Young adult","Medium customer",Affluent
583,33,Male,38240,92,3,37,"Home & Garden",626.82,Over-thirties,"Great customer","Lower-Mid Income"
584,30,Male,114808,23,9,6,Clothing,74.08,Over-thirties,"Bad customer","Upper-Mid Income"
585,51,Female,37310,6,5,14,Sports,706.18,Over-fifties,"Bad customer","Lower-Mid Income"
586,62,Other,147903,79,5,22,Electronics,203.15,Seniors,"Great customer",Affluent
587,20,Other,61541,80,2,14,Groceries,48.5,"Young adult","Great customer","Middle Income"
588,47,Other,55753,69,5,40,"Home & Garden",772.89,Over-forties,"Good customer","Lower-Mid Income"
589,29,Other,80868,33,6,15,Clothing,865.65,"Young adult","Medium customer","Middle Income"
590,33,Male,93599,22,4,37,Sports,274.96,Over-thirties,"Bad customer","Upper-Mid Income"
591,53,Male,108263,21,1,47,Electronics,734.48,Over-fifties,"Bad customer","Upper-Mid Income"
592,22,Male,100730,4,5,10,Sports,459.58,"Young adult","Bad customer","Upper-Mid Income"
593,62,Female,148501,41,9,32,Sports,980.47,Seniors,"Medium customer",Affluent
594,29,Other,98150,42,9,34,Sports,324.11,"Young adult","Medium customer","Upper-Mid Income"
595,28,Other,61870,100,6,3,Groceries,728.67,"Young adult","Great customer","Middle Income"
596,46,Male,73370,2,4,29,"Home & Garden",486.5,Over-forties,"Bad customer","Middle Income"
597,50,Male,132598,57,7,21,"Home & Garden",930.91,Over-fifties,"Good customer",Affluent
598,56,Other,55695,58,7,30,Electronics,435.76,Over-fifties,"Good customer","Lower-Mid Income"
599,41,Other,69204,95,4,28,Clothing,936.04,Over-forties,"Great customer","Middle Income"
600,52,Male,127010,76,8,26,Sports,13.46,Over-fifties,"Great customer",Affluent
601,53,Female,137854,33,10,47,Groceries,523.27,Over-fifties,"Medium customer",Affluent
602,20,Male,145924,64,5,18,Electronics,495.49,"Young adult","Good customer",Affluent
603,33,Female,53219,33,4,47,Clothing,251.23,Over-thirties,"Medium customer","Lower-Mid Income"
604,47,Male,64592,25,4,12,"Home & Garden",237.34,Over-forties,"Bad customer","Middle Income"
605,18,Female,144275,69,9,27,Electronics,141.72,"Young adult","Good customer",Affluent
606,39,Male,48641,45,3,46,"Home & Garden",415.19,Over-thirties,"Medium customer","Lower-Mid Income"
607,30,Male,102200,88,5,47,"Home & Garden",131.84,Over-thirties,"Great customer","Upper-Mid Income"
608,41,Other,67215,34,3,30,"Home & Garden",460.25,Over-forties,"Medium customer","Middle Income"
609,53,Other,96499,29,4,5,Electronics,744.11,Over-fifties,"Medium customer","Upper-Mid Income"
610,23,Female,83912,28,6,31,"Home & Garden",98.32,"Young adult","Medium customer","Middle Income"
611,42,Female,63444,72,4,40,"Home & Garden",166.45,Over-forties,"Good customer","Middle Income"
612,33,Female,38271,39,10,43,Electronics,99.52,Over-thirties,"Medium customer","Lower-Mid Income"
613,60,Other,53295,73,3,5,"Home & Garden",642.3,Seniors,"Good customer","Lower-Mid Income"
614,64,Female,116106,5,1,5,Clothing,25.86,Seniors,"Bad customer","Upper-Mid Income"
615,69,Male,141965,98,5,35,Electronics,616.66,Seniors,"Great customer",Affluent
616,43,Male,38012,55,3,24,Groceries,943.37,Over-forties,"Good customer","Lower-Mid Income"
617,29,Other,83172,51,8,1,Clothing,906.75,"Young adult","Good customer","Middle Income"
618,53,Other,62024,13,2,39,Sports,66.6,Over-fifties,"Bad customer","Middle Income"
619,29,Other,88288,39,5,50,Groceries,803.87,"Young adult","Medium customer","Middle Income"
620,53,Other,50215,92,6,48,Sports,814.52,Over-fifties,"Great customer","Lower-Mid Income"
621,20,Male,122028,40,3,6,Electronics,777.44,"Young adult","Medium customer",Affluent
622,33,Other,102269,26,8,47,Sports,356.67,Over-thirties,"Medium customer","Upper-Mid Income"
623,30,Female,97829,99,4,27,Clothing,320.95,Over-thirties,"Great customer","Upper-Mid Income"
624,59,Other,66196,37,9,44,Clothing,483.66,Over-fifties,"Medium customer","Middle Income"
625,41,Male,36763,50,5,36,"Home & Garden",490.62,Over-forties,"Medium customer","Lower-Mid Income"
626,19,Male,138008,8,9,15,Groceries,116.8,"Young adult","Bad customer",Affluent
627,27,Female,96762,22,3,10,Electronics,551.43,"Young adult","Bad customer","Upper-Mid Income"
628,39,Other,108744,63,2,23,Sports,411.86,Over-thirties,"Good customer","Upper-Mid Income"
629,65,Male,84223,83,7,46,Groceries,971.93,Seniors,"Great customer","Middle Income"
630,64,Female,145746,76,2,48,"Home & Garden",49.06,Seniors,"Great customer",Affluent
631,47,Female,108766,37,7,38,Groceries,640.55,Over-forties,"Medium customer","Upper-Mid Income"
632,29,Female,72125,41,5,31,Sports,507.62,"Young adult","Medium customer","Middle Income"
633,43,Female,97989,14,6,49,Electronics,886.61,Over-forties,"Bad customer","Upper-Mid Income"
634,51,Other,143678,50,8,23,Electronics,916.04,Over-fifties,"Medium customer",Affluent
635,23,Female,122669,15,3,4,Electronics,248.68,"Young adult","Bad customer",Affluent
636,24,Female,93266,20,1,4,Clothing,636.29,"Young adult","Bad customer","Upper-Mid Income"
637,52,Other,85267,6,5,2,"Home & Garden",704.32,Over-fifties,"Bad customer","Middle Income"
638,34,Female,60489,95,3,38,"Home & Garden",304.86,Over-thirties,"Great customer","Middle Income"
639,68,Male,57700,70,8,46,Groceries,178.21,Seniors,"Good customer","Lower-Mid Income"
640,57,Male,97035,28,6,42,"Home & Garden",741.41,Over-fifties,"Medium customer","Upper-Mid Income"
641,59,Other,141667,28,4,5,Sports,204.25,Over-fifties,"Medium customer",Affluent
642,34,Female,114408,38,7,28,Electronics,647.35,Over-thirties,"Medium customer","Upper-Mid Income"
643,64,Female,92888,2,7,50,Sports,84.98,Seniors,"Bad customer","Upper-Mid Income"
644,54,Male,132403,83,3,2,Sports,45.2,Over-fifties,"Great customer",Affluent
645,67,Other,115578,10,1,36,Groceries,646.16,Seniors,"Bad customer","Upper-Mid Income"
646,62,Male,113856,78,6,50,Electronics,720.47,Seniors,"Great customer","Upper-Mid Income"
647,24,Other,122371,11,2,4,Electronics,838.19,"Young adult","Bad customer",Affluent
648,43,Female,67979,49,2,6,Groceries,420.03,Over-forties,"Medium customer","Middle Income"
649,27,Male,147360,96,3,26,Sports,26.1,"Young adult","Great customer",Affluent
650,47,Other,88268,32,8,27,Groceries,686.5,Over-forties,"Medium customer","Middle Income"
651,27,Female,113174,36,3,46,Electronics,499.07,"Young adult","Medium customer","Upper-Mid Income"
652,32,Other,95862,34,6,41,Electronics,65.15,Over-thirties,"Medium customer","Upper-Mid Income"
653,41,Male,140959,35,7,14,"Home & Garden",232.42,Over-forties,"Medium customer",Affluent
654,48,Male,82356,97,1,35,Sports,204.55,Over-forties,"Great customer","Middle Income"
655,45,Other,47989,70,6,9,Groceries,218.77,Over-forties,"Good customer","Lower-Mid Income"
656,33,Other,65142,45,10,42,Clothing,132.6,Over-thirties,"Medium customer","Middle Income"
657,27,Male,81110,44,6,8,Electronics,654.05,"Young adult","Medium customer","Middle Income"
658,61,Male,145578,79,2,34,Clothing,762.06,Seniors,"Great customer",Affluent
659,35,Other,116378,38,10,11,Clothing,79.27,Over-thirties,"Medium customer","Upper-Mid Income"
660,54,Female,89035,14,4,11,Sports,138.81,Over-fifties,"Bad customer","Middle Income"
661,69,Female,34122,50,4,27,Sports,758.44,Seniors,"Medium customer","Lower-Mid Income"
662,66,Other,38652,40,10,7,"Home & Garden",566.59,Seniors,"Medium customer","Lower-Mid Income"
663,30,Female,76658,70,3,32,Groceries,760.27,Over-thirties,"Good customer","Middle Income"
664,56,Other,30492,47,5,6,Groceries,725.26,Over-fifties,"Medium customer","Lower-Mid Income"
665,37,Male,105623,26,5,47,"Home & Garden",94.79,Over-thirties,"Medium customer","Upper-Mid Income"
666,31,Other,85972,62,9,25,Sports,914.63,Over-thirties,"Good customer","Middle Income"
667,29,Female,135394,53,9,36,Clothing,30.13,"Young adult","Good customer",Affluent
668,27,Female,48576,29,7,29,Sports,976.83,"Young adult","Medium customer","Lower-Mid Income"
669,52,Male,87717,79,6,44,Clothing,95.17,Over-fifties,"Great customer","Middle Income"
670,55,Other,59108,36,6,31,"Home & Garden",900.16,Over-fifties,"Medium customer","Lower-Mid Income"
671,34,Male,54274,27,2,17,"Home & Garden",954.46,Over-thirties,"Medium customer","Lower-Mid Income"
672,30,Male,94803,76,6,33,"Home & Garden",596.98,Over-thirties,"Great customer","Upper-Mid Income"
673,47,Female,40790,36,1,4,Clothing,913.84,Over-forties,"Medium customer","Lower-Mid Income"
674,32,Other,41072,14,5,39,Electronics,981.04,Over-thirties,"Bad customer","Lower-Mid Income"
675,64,Female,67704,12,6,17,"Home & Garden",126.15,Seniors,"Bad customer","Middle Income"
676,64,Female,48169,39,5,33,Groceries,451.86,Seniors,"Medium customer","Lower-Mid Income"
677,51,Female,146159,99,7,38,Groceries,808.89,Over-fifties,"Great customer",Affluent
678,63,Other,56374,60,4,45,"Home & Garden",943.5,Seniors,"Good customer","Lower-Mid Income"
679,46,Female,112770,6,10,27,Sports,559.73,Over-forties,"Bad customer","Upper-Mid Income"
680,36,Other,106345,98,7,49,Clothing,55.21,Over-thirties,"Great customer","Upper-Mid Income"
681,49,Other,115974,95,8,22,Electronics,143,Over-forties,"Great customer","Upper-Mid Income"
682,61,Male,136973,27,7,2,Electronics,269.2,Seniors,"Medium customer",Affluent
683,27,Female,89855,54,10,37,"Home & Garden",750.51,"Young adult","Good customer","Middle Income"
684,42,Male,56378,8,9,18,Clothing,880.45,Over-forties,"Bad customer","Lower-Mid Income"
685,37,Male,104041,64,9,49,"Home & Garden",117.52,Over-thirties,"Good customer","Upper-Mid Income"
686,30,Male,115674,78,2,48,Clothing,621.73,Over-thirties,"Great customer","Upper-Mid Income"
687,59,Male,65196,22,2,36,"Home & Garden",625.33,Over-fifties,"Bad customer","Middle Income"
688,30,Male,94970,15,4,11,Sports,250.07,Over-thirties,"Bad customer","Upper-Mid Income"
689,69,Other,45024,38,5,11,Clothing,830.03,Seniors,"Medium customer","Lower-Mid Income"
690,39,Female,141586,50,4,46,Clothing,659.67,Over-thirties,"Medium customer",Affluent
691,53,Other,84686,93,8,1,Groceries,109.54,Over-fifties,"Great customer","Middle Income"
692,23,Male,57558,28,6,23,Electronics,800.78,"Young adult","Medium customer","Lower-Mid Income"
693,28,Female,142450,80,3,22,Groceries,471.87,"Young adult","Great customer",Affluent
694,64,Male,32144,76,2,28,Sports,902.66,Seniors,"Great customer","Lower-Mid Income"
695,45,Male,53474,79,8,21,Electronics,40.32,Over-forties,"Great customer","Lower-Mid Income"
696,61,Male,89720,4,9,8,Groceries,795.49,Seniors,"Bad customer","Middle Income"
697,36,Female,114281,99,7,6,Sports,217.78,Over-thirties,"Great customer","Upper-Mid Income"
698,33,Other,36577,28,4,1,Electronics,612.54,Over-thirties,"Medium customer","Lower-Mid Income"
699,55,Other,53164,64,2,19,Clothing,932.41,Over-fifties,"Good customer","Lower-Mid Income"
700,31,Male,33604,8,5,2,Electronics,984.15,Over-thirties,"Bad customer","Lower-Mid Income"
701,31,Male,148121,34,9,32,Groceries,753.49,Over-thirties,"Medium customer",Affluent
702,26,Female,42499,92,9,50,Electronics,37.57,"Young adult","Great customer","Lower-Mid Income"
703,26,Female,56466,61,3,12,"Home & Garden",358.22,"Young adult","Good customer","Lower-Mid Income"
704,52,Female,58805,14,2,47,Sports,104.35,Over-fifties,"Bad customer","Lower-Mid Income"
705,42,Male,49140,23,9,35,Clothing,400.23,Over-forties,"Bad customer","Lower-Mid Income"
706,29,Female,102972,68,3,39,Clothing,258.09,"Young adult","Good customer","Upper-Mid Income"
707,47,Female,128439,42,5,22,Sports,219.02,Over-forties,"Medium customer",Affluent
708,68,Male,47482,100,9,49,Clothing,170.56,Seniors,"Great customer","Lower-Mid Income"
709,44,Female,118123,40,8,31,Clothing,140.52,Over-forties,"Medium customer","Upper-Mid Income"
710,43,Female,43545,67,5,41,Electronics,179.71,Over-forties,"Good customer","Lower-Mid Income"
711,43,Other,51398,12,4,26,Sports,117.85,Over-forties,"Bad customer","Lower-Mid Income"
712,18,Male,141318,37,6,28,"Home & Garden",428.33,"Young adult","Medium customer",Affluent
713,19,Female,76416,26,6,20,Electronics,385.1,"Young adult","Medium customer","Middle Income"
714,30,Male,100115,54,2,36,Sports,789.67,Over-thirties,"Good customer","Upper-Mid Income"
715,43,Other,67912,71,10,35,Electronics,698.03,Over-forties,"Good customer","Middle Income"
716,48,Female,74273,23,10,46,Sports,626.27,Over-forties,"Bad customer","Middle Income"
717,47,Male,136278,76,10,48,Clothing,233.64,Over-forties,"Great customer",Affluent
718,57,Female,108833,77,3,37,"Home & Garden",623.78,Over-fifties,"Great customer","Upper-Mid Income"
719,21,Female,119226,21,8,50,Sports,772.63,"Young adult","Bad customer","Upper-Mid Income"
720,69,Other,72651,58,5,30,Electronics,103.11,Seniors,"Good customer","Middle Income"
721,27,Male,114848,66,10,38,Groceries,912.58,"Young adult","Good customer","Upper-Mid Income"
722,45,Male,127989,99,1,42,"Home & Garden",683.99,Over-forties,"Great customer",Affluent
723,20,Male,48504,27,3,28,Groceries,658.54,"Young adult","Medium customer","Lower-Mid Income"
724,21,Other,114762,28,3,7,Sports,397.54,"Young adult","Medium customer","Upper-Mid Income"
725,48,Female,108563,3,8,39,Clothing,15.72,Over-forties,"Bad customer","Upper-Mid Income"
726,40,Other,105994,39,9,17,"Home & Garden",347.21,Over-forties,"Medium customer","Upper-Mid Income"
727,18,Other,84764,2,6,49,"Home & Garden",348.51,"Young adult","Bad customer","Middle Income"
728,28,Other,53503,39,5,30,Groceries,591.64,"Young adult","Medium customer","Lower-Mid Income"
729,50,Male,86985,77,8,11,Sports,964.1,Over-fifties,"Great customer","Middle Income"
730,19,Male,85349,77,8,29,"Home & Garden",381.04,"Young adult","Great customer","Middle Income"
731,53,Female,52855,12,5,33,Groceries,444.09,Over-fifties,"Bad customer","Lower-Mid Income"
732,29,Other,66264,85,2,8,Electronics,743.3,"Young adult","Great customer","Middle Income"
733,49,Male,56707,6,8,29,Electronics,604.53,Over-forties,"Bad customer","Lower-Mid Income"
734,23,Other,66886,7,6,40,Electronics,322.64,"Young adult","Bad customer","Middle Income"
735,38,Other,115537,10,7,25,Clothing,632.99,Over-thirties,"Bad customer","Upper-Mid Income"
736,52,Female,130875,76,10,14,Clothing,979.39,Over-fifties,"Great customer",Affluent
737,28,Male,104971,74,4,10,Clothing,297.17,"Young adult","Good customer","Upper-Mid Income"
738,18,Female,136320,52,5,42,Electronics,891.19,"Young adult","Good customer",Affluent
739,61,Male,113380,27,2,17,Electronics,177.5,Seniors,"Medium customer","Upper-Mid Income"
740,62,Female,119083,18,4,28,Electronics,317.78,Seniors,"Bad customer","Upper-Mid Income"
741,50,Female,50944,24,3,36,Electronics,121.22,Over-fifties,"Bad customer","Lower-Mid Income"
742,45,Other,30738,38,7,5,"Home & Garden",144,Over-forties,"Medium customer","Lower-Mid Income"
743,64,Male,132277,81,5,30,Sports,505.24,Seniors,"Great customer",Affluent
744,56,Male,90816,20,10,35,Electronics,808.16,Over-fifties,"Bad customer","Upper-Mid Income"
745,30,Female,64288,93,9,43,Groceries,825.85,Over-thirties,"Great customer","Middle Income"
746,60,Male,34657,99,10,3,Electronics,983.3,Seniors,"Great customer","Lower-Mid Income"
747,26,Male,44725,40,10,17,Groceries,307.42,"Young adult","Medium customer","Lower-Mid Income"
748,57,Female,58696,69,4,29,Groceries,570.87,Over-fifties,"Good customer","Lower-Mid Income"
749,22,Male,73023,30,1,19,"Home & Garden",661.7,"Young adult","Medium customer","Middle Income"
750,41,Other,74985,68,8,21,Electronics,123.96,Over-forties,"Good customer","Middle Income"
751,63,Male,37201,60,6,46,Groceries,90.96,Seniors,"Good customer","Lower-Mid Income"
752,31,Male,85928,10,2,40,"Home & Garden",34.1,Over-thirties,"Bad customer","Middle Income"
753,28,Other,129367,4,1,44,Electronics,559.61,"Young adult","Bad customer",Affluent
754,52,Male,49342,77,7,29,Groceries,622.86,Over-fifties,"Great customer","Lower-Mid Income"
755,61,Male,59583,11,8,27,Clothing,744.56,Seniors,"Bad customer","Lower-Mid Income"
756,30,Female,111050,61,10,32,Electronics,213.88,Over-thirties,"Good customer","Upper-Mid Income"
757,19,Female,129687,78,3,43,"Home & Garden",679.67,"Young adult","Great customer",Affluent
758,35,Male,94896,36,6,4,"Home & Garden",102.23,Over-thirties,"Medium customer","Upper-Mid Income"
759,64,Other,130443,29,1,17,"Home & Garden",835.67,Seniors,"Medium customer",Affluent
760,27,Male,80545,63,6,46,Sports,575.98,"Young adult","Good customer","Middle Income"
761,47,Male,112510,1,2,10,"Home & Garden",618.2,Over-forties,"Bad customer","Upper-Mid Income"
762,57,Male,145190,42,9,8,Sports,971.83,Over-fifties,"Medium customer",Affluent
763,63,Male,115204,12,2,19,"Home & Garden",910.59,Seniors,"Bad customer","Upper-Mid Income"
764,61,Female,116123,96,2,27,Sports,844.95,Seniors,"Great customer","Upper-Mid Income"
765,40,Other,108344,87,2,13,Electronics,892.28,Over-forties,"Great customer","Upper-Mid Income"
766,41,Other,74198,84,1,50,Clothing,60.51,Over-forties,"Great customer","Middle Income"
767,45,Other,62582,1,6,46,Clothing,298.11,Over-forties,"Bad customer","Middle Income"
768,33,Other,92798,80,3,44,Groceries,367.85,Over-thirties,"Great customer","Upper-Mid Income"
769,19,Male,85583,61,5,43,Sports,316.35,"Young adult","Good customer","Middle Income"
770,61,Male,32692,18,8,28,Groceries,709.33,Seniors,"Bad customer","Lower-Mid Income"
771,55,Other,53069,3,10,43,Clothing,777.97,Over-fifties,"Bad customer","Lower-Mid Income"
772,26,Female,79842,78,9,5,Clothing,557.41,"Young adult","Great customer","Middle Income"
773,51,Female,70099,42,7,12,Groceries,481.56,Over-fifties,"Medium customer","Middle Income"
774,52,Male,52167,19,5,50,"Home & Garden",961.55,Over-fifties,"Bad customer","Lower-Mid Income"
775,24,Male,51225,21,6,31,Sports,235.64,"Young adult","Bad customer","Lower-Mid Income"
776,31,Female,123947,25,2,39,Groceries,355.67,Over-thirties,"Bad customer",Affluent
777,19,Other,45781,93,6,43,Sports,412.99,"Young adult","Great customer","Lower-Mid Income"
778,46,Female,78023,83,7,28,Sports,270.15,Over-forties,"Great customer","Middle Income"
779,56,Other,43031,56,2,15,Electronics,830.79,Over-fifties,"Good customer","Lower-Mid Income"
780,65,Other,80686,2,8,30,Sports,491.8,Seniors,"Bad customer","Middle Income"
781,53,Male,147355,10,2,38,"Home & Garden",866.3,Over-fifties,"Bad customer",Affluent
782,22,Male,118840,32,9,9,Electronics,819.14,"Young adult","Medium customer","Upper-Mid Income"
783,39,Other,71987,42,5,35,Clothing,196.61,Over-thirties,"Medium customer","Middle Income"
784,47,Other,64229,74,5,22,Groceries,438.95,Over-forties,"Good customer","Middle Income"
785,45,Female,88366,22,10,24,Electronics,253.64,Over-forties,"Bad customer","Middle Income"
786,30,Male,43192,61,1,27,Sports,614.39,Over-thirties,"Good customer","Lower-Mid Income"
787,57,Other,56547,65,10,43,Groceries,686.83,Over-fifties,"Good customer","Lower-Mid Income"
788,33,Male,38558,71,8,22,"Home & Garden",223.73,Over-thirties,"Good customer","Lower-Mid Income"
789,25,Female,52575,77,5,13,Clothing,112.22,"Young adult","Great customer","Lower-Mid Income"
790,61,Male,96409,66,1,32,Sports,674.93,Seniors,"Good customer","Upper-Mid Income"
791,59,Female,97756,89,6,3,"Home & Garden",318.74,Over-fifties,"Great customer","Upper-Mid Income"
792,18,Other,140475,38,8,7,Sports,442.42,"Young adult","Medium customer",Affluent
793,63,Female,123481,26,1,26,"Home & Garden",386.51,Seniors,"Medium customer",Affluent
794,50,Male,103921,58,2,3,Electronics,687.32,Over-fifties,"Good customer","Upper-Mid Income"
795,33,Female,45432,11,4,42,Electronics,990.34,Over-thirties,"Bad customer","Lower-Mid Income"
796,47,Male,92114,17,7,8,"Home & Garden",997.15,Over-forties,"Bad customer","Upper-Mid Income"
797,47,Male,86651,54,3,49,"Home & Garden",678.41,Over-forties,"Good customer","Middle Income"
798,68,Other,44597,3,1,36,Sports,743.73,Seniors,"Bad customer","Lower-Mid Income"
799,25,Male,107042,27,1,32,Clothing,648.79,"Young adult","Medium customer","Upper-Mid Income"
800,35,Other,114874,40,3,15,Sports,333.55,Over-thirties,"Medium customer","Upper-Mid Income"
801,61,Other,69791,33,8,1,Sports,165.39,Seniors,"Medium customer","Middle Income"
802,51,Male,107033,96,3,42,Groceries,992.17,Over-fifties,"Great customer","Upper-Mid Income"
803,64,Male,127745,72,2,11,Groceries,192.17,Seniors,"Good customer",Affluent
804,59,Female,58656,47,6,6,Groceries,246.07,Over-fifties,"Medium customer","Lower-Mid Income"
805,51,Female,97660,3,7,30,Sports,145.66,Over-fifties,"Bad customer","Upper-Mid Income"
806,49,Male,69864,92,10,25,Groceries,522.78,Over-forties,"Great customer","Middle Income"
807,24,Male,68172,6,1,28,Clothing,445.3,"Young adult","Bad customer","Middle Income"
808,33,Male,127302,43,1,40,Groceries,785.52,Over-thirties,"Medium customer",Affluent
809,46,Other,91845,35,8,49,Electronics,537.23,Over-forties,"Medium customer","Upper-Mid Income"
810,35,Male,83547,27,7,40,Electronics,570.08,Over-thirties,"Medium customer","Middle Income"
811,27,Female,78001,50,5,17,"Home & Garden",117.03,"Young adult","Medium customer","Middle Income"
812,53,Other,76842,73,6,35,"Home & Garden",701.61,Over-fifties,"Good customer","Middle Income"
813,19,Male,68304,9,10,28,Sports,864.57,"Young adult","Bad customer","Middle Income"
814,56,Other,145028,2,10,32,"Home & Garden",849.56,Over-fifties,"Bad customer",Affluent
815,53,Female,58486,87,8,23,"Home & Garden",409.35,Over-fifties,"Great customer","Lower-Mid Income"
816,50,Other,143612,71,9,28,Groceries,372.69,Over-fifties,"Good customer",Affluent
817,37,Female,115734,87,2,50,Groceries,646.4,Over-thirties,"Great customer","Upper-Mid Income"
818,69,Male,129445,32,3,6,"Home & Garden",42.19,Seniors,"Medium customer",Affluent
819,46,Other,58692,2,9,22,"Home & Garden",230.66,Over-forties,"Bad customer","Lower-Mid Income"
820,52,Other,73723,69,10,19,Sports,321.92,Over-fifties,"Good customer","Middle Income"
821,41,Other,37547,72,3,24,Groceries,897.46,Over-forties,"Good customer","Lower-Mid Income"
822,26,Female,34901,31,7,9,Groceries,667.8,"Young adult","Medium customer","Lower-Mid Income"
823,69,Male,85068,54,6,24,Sports,846.68,Seniors,"Good customer","Middle Income"
824,38,Female,81244,57,5,3,"Home & Garden",301.59,Over-thirties,"Good customer","Middle Income"
825,30,Female,121358,16,1,2,Electronics,122.7,Over-thirties,"Bad customer",Affluent
826,48,Male,111795,41,9,17,Groceries,116.19,Over-forties,"Medium customer","Upper-Mid Income"
827,62,Other,88975,58,6,24,Sports,921.21,Seniors,"Good customer","Middle Income"
828,34,Male,43316,72,7,13,Electronics,274.88,Over-thirties,"Good customer","Lower-Mid Income"
829,37,Male,112949,33,8,40,"Home & Garden",424.07,Over-thirties,"Medium customer","Upper-Mid Income"
830,28,Male,136418,17,5,17,"Home & Garden",765.53,"Young adult","Bad customer",Affluent
831,43,Female,76811,26,1,33,"Home & Garden",836.5,Over-forties,"Medium customer","Middle Income"
832,69,Other,81964,22,1,3,"Home & Garden",839.2,Seniors,"Bad customer","Middle Income"
833,43,Female,85487,71,7,49,Sports,625.26,Over-forties,"Good customer","Middle Income"
834,38,Male,101111,98,8,35,Clothing,738.01,Over-thirties,"Great customer","Upper-Mid Income"
835,41,Female,68147,75,2,33,Groceries,553.35,Over-forties,"Good customer","Middle Income"
836,30,Other,42089,29,3,3,"Home & Garden",536.52,Over-thirties,"Medium customer","Lower-Mid Income"
837,69,Female,106629,4,7,9,Groceries,443.22,Seniors,"Bad customer","Upper-Mid Income"
838,57,Male,98928,80,3,33,Electronics,934.98,Over-fifties,"Great customer","Upper-Mid Income"
839,43,Male,90687,9,5,24,Sports,531.25,Over-forties,"Bad customer","Upper-Mid Income"
840,58,Female,68764,96,6,31,Groceries,723.66,Over-fifties,"Great customer","Middle Income"
841,40,Male,125996,64,6,15,Clothing,583.95,Over-forties,"Good customer",Affluent
842,33,Female,96916,23,6,12,Sports,373.49,Over-thirties,"Bad customer","Upper-Mid Income"
843,50,Other,149578,28,2,39,"Home & Garden",839.34,Over-fifties,"Medium customer",Affluent
844,43,Male,140638,62,10,18,"Home & Garden",78.52,Over-forties,"Good customer",Affluent
845,45,Female,57615,30,5,15,Electronics,998.09,Over-forties,"Medium customer","Lower-Mid Income"
846,60,Other,61376,97,8,9,Electronics,793.84,Seniors,"Great customer","Middle Income"
847,22,Male,134801,47,1,49,Groceries,292.92,"Young adult","Medium customer",Affluent
848,60,Other,111784,31,1,14,Clothing,122.12,Seniors,"Medium customer","Upper-Mid Income"
849,56,Female,86142,87,7,8,Sports,291.96,Over-fifties,"Great customer","Middle Income"
850,48,Female,126398,19,1,18,Clothing,311.08,Over-forties,"Bad customer",Affluent
851,51,Other,59566,25,5,22,Groceries,847.03,Over-fifties,"Bad customer","Lower-Mid Income"
852,64,Female,63123,88,1,16,Groceries,330.95,Seniors,"Great customer","Middle Income"
853,22,Other,120644,75,1,4,Clothing,456.11,"Young adult","Good customer",Affluent
854,27,Female,40595,84,6,15,Groceries,268.76,"Young adult","Great customer","Lower-Mid Income"
855,18,Male,30102,35,2,6,Sports,739.27,"Young adult","Medium customer","Lower-Mid Income"
856,45,Other,135627,67,2,46,Groceries,524.16,Over-forties,"Good customer",Affluent
857,19,Female,90561,75,10,23,"Home & Garden",866.23,"Young adult","Good customer","Upper-Mid Income"
858,67,Male,115470,56,4,6,Clothing,151.74,Seniors,"Good customer","Upper-Mid Income"
859,22,Male,62752,2,10,22,Electronics,469.36,"Young adult","Bad customer","Middle Income"
860,22,Male,46866,3,7,46,Electronics,737.44,"Young adult","Bad customer","Lower-Mid Income"
861,21,Other,145884,3,4,25,"Home & Garden",676.93,"Young adult","Bad customer",Affluent
862,20,Male,79899,64,7,46,Clothing,129.9,"Young adult","Good customer","Middle Income"
863,42,Other,77292,73,10,43,Groceries,787.66,Over-forties,"Good customer","Middle Income"
864,41,Male,92371,28,10,48,Electronics,594.96,Over-forties,"Medium customer","Upper-Mid Income"
865,57,Other,106632,26,1,17,Groceries,610.98,Over-fifties,"Medium customer","Upper-Mid Income"
866,22,Male,48068,57,2,24,Electronics,683.02,"Young adult","Good customer","Lower-Mid Income"
867,68,Other,35122,72,6,33,Sports,983.84,Seniors,"Good customer","Lower-Mid Income"
868,51,Other,83467,83,1,19,Clothing,30.88,Over-fifties,"Great customer","Middle Income"
869,49,Female,61376,47,5,16,"Home & Garden",241.25,Over-forties,"Medium customer","Middle Income"
870,57,Other,112212,6,6,44,"Home & Garden",312.64,Over-fifties,"Bad customer","Upper-Mid Income"
871,57,Female,128481,86,10,40,"Home & Garden",727.15,Over-fifties,"Great customer",Affluent
872,63,Male,33546,18,9,31,Sports,191.8,Seniors,"Bad customer","Lower-Mid Income"
873,42,Female,127546,54,1,31,Clothing,484.72,Over-forties,"Good customer",Affluent
874,35,Male,121037,70,1,28,Groceries,304.08,Over-thirties,"Good customer",Affluent
875,25,Female,76606,99,10,32,"Home & Garden",472.4,"Young adult","Great customer","Middle Income"
876,60,Other,120195,68,9,26,Sports,600.21,Seniors,"Good customer",Affluent
877,51,Female,127950,27,3,45,"Home & Garden",412.76,Over-fifties,"Medium customer",Affluent
878,45,Female,51646,61,5,41,"Home & Garden",246.41,Over-forties,"Good customer","Lower-Mid Income"
879,51,Male,80995,68,1,18,Sports,863.54,Over-fifties,"Good customer","Middle Income"
880,59,Other,97355,63,2,22,Groceries,329.18,Over-fifties,"Good customer","Upper-Mid Income"
881,47,Female,133264,93,2,21,Groceries,11.01,Over-forties,"Great customer",Affluent
882,61,Male,49557,22,6,12,Clothing,678.13,Seniors,"Bad customer","Lower-Mid Income"
883,62,Other,97909,100,1,5,"Home & Garden",439.63,Seniors,"Great customer","Upper-Mid Income"
884,50,Female,59695,70,5,6,Clothing,241.99,Over-fifties,"Good customer","Lower-Mid Income"
885,58,Other,149723,70,9,23,Electronics,374.59,Over-fifties,"Good customer",Affluent
886,26,Other,113532,70,7,28,Sports,679.69,"Young adult","Good customer","Upper-Mid Income"
887,60,Male,98882,38,2,28,Groceries,940.14,Seniors,"Medium customer","Upper-Mid Income"
888,29,Male,149973,2,2,19,Groceries,437.1,"Young adult","Bad customer",Affluent
889,33,Other,146269,92,6,10,Sports,486.86,Over-thirties,"Great customer",Affluent
890,60,Other,73059,77,3,31,Clothing,581.15,Seniors,"Great customer","Middle Income"
891,22,Other,87909,19,7,39,Sports,20.52,"Young adult","Bad customer","Middle Income"
892,66,Other,40932,5,1,48,Sports,546.06,Seniors,"Bad customer","Lower-Mid Income"
893,24,Female,60763,92,5,29,"Home & Garden",320.7,"Young adult","Great customer","Middle Income"
894,63,Other,119492,25,8,40,Sports,758.1,Seniors,"Bad customer","Upper-Mid Income"
895,27,Male,128640,3,5,2,"Home & Garden",140.52,"Young adult","Bad customer",Affluent
896,53,Male,137307,34,1,26,Sports,952.12,Over-fifties,"Medium customer",Affluent
897,32,Male,81701,96,9,49,Electronics,77.45,Over-thirties,"Great customer","Middle Income"
898,64,Other,82140,57,3,7,"Home & Garden",97.97,Seniors,"Good customer","Middle Income"
899,48,Male,134463,32,2,7,Electronics,535.1,Over-forties,"Medium customer",Affluent
900,52,Female,41544,1,10,46,"Home & Garden",720.52,Over-fifties,"Bad customer","Lower-Mid Income"
901,57,Female,135440,46,8,3,"Home & Garden",442.46,Over-fifties,"Medium customer",Affluent
902,55,Female,72193,39,2,6,"Home & Garden",207.44,Over-fifties,"Medium customer","Middle Income"
903,33,Other,106771,23,7,3,Sports,609.8,Over-thirties,"Bad customer","Upper-Mid Income"
904,64,Female,122557,87,2,5,Groceries,344.59,Seniors,"Great customer",Affluent
905,64,Male,139658,77,6,26,Sports,71.97,Seniors,"Great customer",Affluent
906,25,Male,130604,100,4,41,Electronics,355.45,"Young adult","Great customer",Affluent
907,62,Other,113706,19,1,13,"Home & Garden",427.68,Seniors,"Bad customer","Upper-Mid Income"
908,59,Other,141567,27,8,30,Sports,95.96,Over-fifties,"Medium customer",Affluent
909,27,Female,89618,49,8,12,Groceries,831.05,"Young adult","Medium customer","Middle Income"
910,55,Other,45562,68,3,30,Groceries,628.34,Over-fifties,"Good customer","Lower-Mid Income"
911,66,Female,55154,93,3,19,Electronics,684.88,Seniors,"Great customer","Lower-Mid Income"
912,54,Male,69676,9,7,30,Clothing,932.68,Over-fifties,"Bad customer","Middle Income"
913,38,Male,45551,100,10,22,Electronics,99.63,Over-thirties,"Great customer","Lower-Mid Income"
914,55,Male,109314,72,10,47,Electronics,438.97,Over-fifties,"Good customer","Upper-Mid Income"
915,18,Other,69502,83,6,32,Sports,236.83,"Young adult","Great customer","Middle Income"
916,26,Male,131020,23,7,22,Groceries,844.88,"Young adult","Bad customer",Affluent
917,49,Other,30523,83,4,38,Electronics,564.48,Over-forties,"Great customer","Lower-Mid Income"
918,36,Female,45458,74,6,19,Groceries,135.23,Over-thirties,"Good customer","Lower-Mid Income"
919,28,Other,57107,82,5,2,"Home & Garden",271.17,"Young adult","Great customer","Lower-Mid Income"
920,60,Other,44555,84,7,28,Electronics,678.42,Seniors,"Great customer","Lower-Mid Income"
921,66,Male,122436,73,7,47,"Home & Garden",666.62,Seniors,"Good customer",Affluent
922,58,Male,105157,51,3,27,Clothing,344.39,Over-fifties,"Good customer","Upper-Mid Income"
923,68,Male,107702,73,4,2,Sports,136.03,Seniors,"Good customer","Upper-Mid Income"
924,20,Male,88778,56,2,28,Groceries,240.93,"Young adult","Good customer","Middle Income"
925,53,Other,32539,22,6,42,"Home & Garden",536.06,Over-fifties,"Bad customer","Lower-Mid Income"
926,39,Female,53091,41,9,3,Groceries,12.45,Over-thirties,"Medium customer","Lower-Mid Income"
927,46,Other,46368,11,7,17,"Home & Garden",869.05,Over-forties,"Bad customer","Lower-Mid Income"
928,28,Male,134592,43,10,25,Clothing,557.04,"Young adult","Medium customer",Affluent
929,35,Male,48768,43,2,5,Electronics,746.74,Over-thirties,"Medium customer","Lower-Mid Income"
930,42,Other,128064,8,8,44,Groceries,316.5,Over-forties,"Bad customer",Affluent
931,59,Male,48329,6,8,26,"Home & Garden",36.76,Over-fifties,"Bad customer","Lower-Mid Income"
932,31,Other,30969,32,9,11,Sports,562.47,Over-thirties,"Medium customer","Lower-Mid Income"
933,18,Male,117893,84,3,24,Electronics,413.27,"Young adult","Great customer","Upper-Mid Income"
934,47,Male,138152,53,2,38,Groceries,129.08,Over-forties,"Good customer",Affluent
935,48,Other,129592,2,3,26,Clothing,748.46,Over-forties,"Bad customer",Affluent
936,51,Male,148784,17,1,50,"Home & Garden",302.81,Over-fifties,"Bad customer",Affluent
937,43,Female,42201,76,1,50,"Home & Garden",106.48,Over-forties,"Great customer","Lower-Mid Income"
938,64,Other,65498,23,5,24,Clothing,351.94,Seniors,"Bad customer","Middle Income"
939,37,Male,70213,84,3,37,"Home & Garden",785.53,Over-thirties,"Great customer","Middle Income"
940,56,Female,51736,3,9,25,"Home & Garden",666.01,Over-fifties,"Bad customer","Lower-Mid Income"
941,54,Male,33706,64,9,1,Clothing,371.93,Over-fifties,"Good customer","Lower-Mid Income"
942,36,Male,33087,69,7,21,Sports,651.8,Over-thirties,"Good customer","Lower-Mid Income"
943,54,Female,140081,100,1,25,Electronics,30.51,Over-fifties,"Great customer",Affluent
944,47,Other,37014,76,5,34,Electronics,880.18,Over-forties,"Great customer","Lower-Mid Income"
945,65,Male,42779,81,5,38,Clothing,594.92,Seniors,"Great customer","Lower-Mid Income"
946,59,Male,149936,80,7,37,Groceries,406.6,Over-fifties,"Great customer",Affluent
947,60,Other,111493,40,10,8,Groceries,190.34,Seniors,"Medium customer","Upper-Mid Income"
948,21,Other,117520,34,3,32,Sports,256.98,"Young adult","Medium customer","Upper-Mid Income"
949,62,Other,128667,37,5,17,Sports,150.62,Seniors,"Medium customer",Affluent
950,45,Other,114390,38,3,9,Groceries,663.25,Over-forties,"Medium customer","Upper-Mid Income"
951,41,Other,134487,7,10,50,Electronics,556.1,Over-forties,"Bad customer",Affluent
952,29,Female,45164,54,8,45,Groceries,915.62,"Young adult","Good customer","Lower-Mid Income"
953,51,Male,104830,43,9,36,Sports,593.92,Over-fifties,"Medium customer","Upper-Mid Income"
954,44,Male,123822,20,4,8,Electronics,209.75,Over-forties,"Bad customer",Affluent
955,30,Male,50661,89,9,22,Sports,630.37,Over-thirties,"Great customer","Lower-Mid Income"
956,60,Other,48802,68,1,40,Groceries,296.76,Seniors,"Good customer","Lower-Mid Income"
957,60,Female,56429,69,9,32,Groceries,894.95,Seniors,"Good customer","Lower-Mid Income"
958,26,Female,41126,37,9,44,Clothing,100.64,"Young adult","Medium customer","Lower-Mid Income"
959,38,Female,99054,59,6,4,Groceries,174.22,Over-thirties,"Good customer","Upper-Mid Income"
960,61,Female,50349,76,9,42,Clothing,957.5,Seniors,"Great customer","Lower-Mid Income"
961,23,Female,60808,96,2,12,"Home & Garden",231.03,"Young adult","Great customer","Middle Income"
962,60,Male,98537,71,9,45,Groceries,725.67,Seniors,"Good customer","Upper-Mid Income"
963,66,Female,72885,1,9,33,Groceries,654.48,Seniors,"Bad customer","Middle Income"
964,26,Other,109221,91,2,44,Sports,660.05,"Young adult","Great customer","Upper-Mid Income"
965,49,Other,94218,4,10,5,Electronics,287.36,Over-forties,"Bad customer","Upper-Mid Income"
966,58,Other,133888,92,10,14,"Home & Garden",628.3,Over-fifties,"Great customer",Affluent
967,46,Female,67361,80,6,25,Sports,350.08,Over-forties,"Great customer","Middle Income"
968,23,Female,74773,16,2,42,Groceries,626.05,"Young adult","Bad customer","Middle Income"
969,61,Other,38209,79,8,40,Sports,724.23,Seniors,"Great customer","Lower-Mid Income"
970,68,Female,40471,28,3,33,Groceries,40.89,Seniors,"Medium customer","Lower-Mid Income"
971,58,Female,51913,14,4,21,"Home & Garden",733.63,Over-fifties,"Bad customer","Lower-Mid Income"
972,41,Male,120294,79,5,44,Clothing,942.03,Over-forties,"Great customer",Affluent
973,43,Male,130645,34,10,5,Groceries,833.69,Over-forties,"Medium customer",Affluent
974,48,Other,75118,84,6,41,Electronics,711.37,Over-forties,"Great customer","Middle Income"
975,49,Female,79546,26,5,12,"Home & Garden",935.73,Over-forties,"Medium customer","Middle Income"
976,30,Male,54930,12,9,13,Electronics,724.88,Over-thirties,"Bad customer","Lower-Mid Income"
977,37,Male,100314,71,5,19,Groceries,692.74,Over-thirties,"Good customer","Upper-Mid Income"
978,45,Female,91381,48,8,16,Sports,253.13,Over-forties,"Medium customer","Upper-Mid Income"
979,66,Female,74055,100,6,17,Sports,318.7,Seniors,"Great customer","Middle Income"
980,45,Female,135047,11,9,42,Clothing,422.93,Over-forties,"Bad customer",Affluent
981,30,Male,117373,32,1,49,"Home & Garden",129.35,Over-thirties,"Medium customer","Upper-Mid Income"
982,59,Other,87884,79,9,28,Groceries,491.55,Over-fifties,"Great customer","Middle Income"
983,68,Female,117203,76,7,38,Electronics,363.94,Seniors,"Great customer","Upper-Mid Income"
984,51,Other,91682,27,9,49,Electronics,990.87,Over-fifties,"Medium customer","Upper-Mid Income"
985,35,Other,82057,66,4,9,Sports,683.93,Over-thirties,"Good customer","Middle Income"
986,66,Other,78149,2,10,9,"Home & Garden",579.27,Seniors,"Bad customer","Middle Income"
987,22,Male,80049,1,10,47,Sports,16.97,"Young adult","Bad customer","Middle Income"
988,26,Male,148451,78,5,14,Groceries,99.19,"Young adult","Great customer",Affluent
989,26,Male,45147,93,1,32,"Home & Garden",750.58,"Young adult","Great customer","Lower-Mid Income"
990,31,Other,45695,36,2,31,Electronics,864.67,Over-thirties,"Medium customer","Lower-Mid Income"
991,21,Other,80264,41,4,26,Sports,458.93,"Young adult","Medium customer","Middle Income"
992,53,Other,83578,97,5,50,Sports,917.08,Over-fifties,"Great customer","Middle Income"
993,22,Female,125479,57,8,27,"Home & Garden",139.75,"Young adult","Good customer",Affluent
994,29,Female,64799,42,5,19,Electronics,967.26,"Young adult","Medium customer","Middle Income"
995,60,Male,71923,25,2,40,Clothing,986.97,Seniors,"Bad customer","Middle Income"
996,57,Male,112170,57,6,1,Clothing,313.64,Over-fifties,"Good customer","Upper-Mid Income"
997,23,Other,65337,76,10,23,Groceries,632.83,"Young adult","Great customer","Middle Income"
998,23,Male,113097,40,5,42,Sports,75.09,"Young adult","Medium customer","Upper-Mid Income"
999,22,Female,113695,63,7,44,Electronics,505.16,"Young adult","Good customer","Upper-Mid Income"
1000,36,Female,90420,7,2,31,Groceries,669.26,Over-thirties,"Bad customer","Upper-Mid Income"
